Country,Continent,Dystopia Residual (Social support),Economy (GDP per Capita),Family,Freedom,Generosity,Happiness Rank,Happiness Score,Health (Life Expectancy),Standard Error,Trust (Government Corruption),year
Switzerland,Europe,2.51738,1.39651,1.34951,0.66557,0.29678,1,7.587,0.94143,0.03411,0.41978,2015
Iceland,Europe,2.70201,1.30232,1.40223,0.62877,0.4363,2,7.561,0.94784,0.04884,0.14145,2015
Denmark,Europe,2.49204,1.32548,1.36058,0.64938,0.34139,3,7.527,0.87464,0.03328,0.48357,2015
Norway,Europe,2.46531,1.459,1.33095,0.66973,0.34699,4,7.522,0.88521,0.0388,0.36503,2015
Canada,North America,2.45176,1.32629,1.32261,0.63297,0.45811,5,7.427,0.90563,0.03553,0.32957,2015
Finland,Europe,2.61955,1.29025,1.31826,0.64169,0.23351,6,7.406,0.88911,0.0314,0.41372,2015
Netherlands,Europe,2.4657,1.32944,1.28017,0.61576,0.4761,7,7.378,0.89284,0.02799,0.31814,2015
Sweden,Europe,2.37119,1.33171,1.28907,0.6598,0.36262,8,7.364,0.91087,0.03157,0.43844,2015
New Zealand,Oceania,2.26425,1.25018,1.31967,0.63938,0.47501,9,7.286,0.90837,0.03371,0.42922,2015
Australia,Oceania,2.26646,1.33358,1.30923,0.65124,0.43562,10,7.284,0.93156,0.04083,0.35637,2015
Israel,Asia,3.08854,1.22857,1.22393,0.41319,0.33172,11,7.278,0.91387,0.0347,0.07785,2015
Costa Rica,North America,3.17728,0.95578,1.23788,0.63376,0.25497,12,7.226,0.86027,0.04454,0.10583,2015
Austria,Europe,2.5332,1.33723,1.29704,0.62433,0.33088,13,7.2,0.89042,0.03751,0.18676,2015
Mexico,North America,3.60214,1.02054,0.91451,0.48181,0.14074,14,7.187,0.81444,0.04176,0.21312,2015
United States,North America,2.51011,1.39451,1.24711,0.54604,0.40105,15,7.119,0.86179,0.03839,0.1589,2015
Brazil,South America,3.26001,0.98124,1.23287,0.49049,0.14574,16,6.983,0.69702,0.04076,0.17521,2015
Luxembourg,Europe,1.96961,1.56391,1.21963,0.61583,0.28034,17,6.946,0.91894,0.03499,0.37798,2015
Ireland,Europe,1.9757,1.33596,1.36948,0.61777,0.45901,18,6.94,0.89533,0.03676,0.28703,2015
Belgium,Europe,2.41484,1.30782,1.28566,0.5845,0.2225,19,6.937,0.89667,0.03595,0.2254,2015
United Arab Emirates,Asia,2.24743,1.42727,1.12575,0.64157,0.26428,20,6.901,0.80925,0.03729,0.38583,2015
United Kingdom,Europe,1.96994,1.26637,1.28548,0.59625,0.51912,21,6.867,0.90943,0.01866,0.32067,2015
Oman,Asia,2.47489,1.36011,1.08182,0.63274,0.21542,22,6.853,0.76276,0.05335,0.32524,2015
Venezuela,South America,3.19131,1.04424,1.25596,0.42908,0.05841,23,6.81,0.72052,0.06476,0.11069,2015
Singapore,Asia,1.88501,1.52186,1.02,0.54252,0.31105,24,6.798,1.02525,0.0378,0.4921,2015
Panama,North America,2.84848,1.06353,1.1985,0.5421,0.24434,25,6.786,0.79661,0.0491,0.0927,2015
Germany,Europe,2.11569,1.32792,1.29937,0.61477,0.28214,26,6.75,0.89186,0.01848,0.21843,2015
Chile,South America,2.67585,1.10715,1.12447,0.44132,0.33363,27,6.67,0.85857,0.058,0.12869,2015
Qatar,Asia,1.55674,1.69042,1.0786,0.6404,0.32573,28,6.611,0.79733,0.06257,0.52208,2015
France,Europe,2.21126,1.27778,1.26038,0.55011,0.12332,29,6.575,0.94579,0.03512,0.20646,2015
Argentina,South America,2.836,1.05351,1.24823,0.44974,0.11451,30,6.574,0.78723,0.04612,0.08484,2015
Czech Republic,Europe,2.67782,1.17898,1.20643,0.46364,0.10686,31,6.505,0.84483,0.04168,0.02652,2015
Uruguay,South America,2.32142,1.06166,1.2089,0.60362,0.2324,32,6.485,0.8116,0.04539,0.24558,2015
Colombia,South America,2.85737,0.91861,1.24018,0.53466,0.18401,33,6.477,0.69077,0.05051,0.0512,2015
Thailand,Asia,2.31945,0.9669,1.26504,0.55664,0.5763,34,6.455,0.7385,0.03557,0.03187,2015
Saudi Arabia,Asia,2.43872,1.39541,1.08393,0.31048,0.13706,35,6.411,0.72025,0.04633,0.32524,2015
Spain,Europe,2.12367,1.23011,1.31379,0.45951,0.18227,36,6.329,0.95562,0.03468,0.06398,2015
Malta,Europe,1.6488,1.2074,1.30203,0.60365,0.51752,37,6.302,0.88721,0.04206,0.13586,2015
Taiwan,Asia,2.32323,1.29098,1.07617,0.3974,0.25376,38,6.298,0.8753,0.03868,0.08129,2015
Kuwait,Asia,1.87634,1.55422,1.16594,0.55499,0.16228,39,6.295,0.72492,0.04456,0.25609,2015
Suriname,South America,2.79094,0.99534,0.972,0.59657,0.16991,40,6.269,0.6082,0.09811,0.13633,2015
Trinidad and Tobago,North America,2.26882,1.21183,1.18354,0.55884,0.31844,41,6.168,0.61483,0.10895,0.0114,2015
El Salvador,North America,3.035,0.76454,1.02507,0.4035,0.10692,42,6.13,0.67737,0.05618,0.11776,2015
Guatemala,North America,2.74255,0.74553,1.04356,0.57733,0.27489,43,6.123,0.64425,0.05224,0.09472,2015
Uzbekistan,Asia,2.23741,0.63244,1.34043,0.65821,0.22837,44,6.003,0.59772,0.04361,0.30826,2015
Slovakia,Europe,2.24639,1.16891,1.26999,0.31751,0.16893,45,5.995,0.78902,0.04267,0.03431,2015
Japan,Asia,1.68435,1.27074,1.25712,0.49615,0.10705,46,5.987,0.99111,0.03581,0.1806,2015
South Korea,Asia,2.21978,1.24461,0.95774,0.33208,0.18557,47,5.984,0.96538,0.04098,0.07857,2015
Ecuador,South America,2.53942,0.86402,0.99903,0.48574,0.11541,48,5.975,0.79075,0.04528,0.1809,2015
Bahrain,Asia,1.73797,1.32376,1.21624,0.45492,0.17362,49,5.96,0.74716,0.05412,0.306,2015
Italy,Europe,2.02518,1.25114,1.19777,0.26236,0.22823,50,5.948,0.95446,0.03914,0.02901,2015
Bolivia,South America,2.82334,0.68133,0.97841,0.57414,0.20536,51,5.89,0.5392,0.05642,0.088,2015
Moldova,Europe,3.10712,0.59448,1.01528,0.32818,0.20951,52,5.889,0.61826,0.03799,0.01615,2015
Paraguay,South America,2.18896,0.75985,1.30477,0.53899,0.3424,53,5.878,0.66098,0.04563,0.08242,2015
Kazakhstan,Europe,2.24729,1.12254,1.12241,0.51649,0.11827,54,5.855,0.64368,0.04114,0.08454,2015
Kazakhstan,Asia,2.24729,1.12254,1.12241,0.51649,0.11827,54,5.855,0.64368,0.04114,0.08454,2015
Slovenia,Europe,1.61583,1.18498,1.27385,0.60855,0.25328,55,5.848,0.87337,0.04251,0.03787,2015
Lithuania,Europe,2.44649,1.14723,1.25745,0.21342,0.02641,56,5.833,0.73128,0.03843,0.01031,2015
Nicaragua,North America,2.32407,0.59325,1.14184,0.55475,0.27815,57,5.828,0.74314,0.05371,0.19317,2015
Peru,South America,2.5945,0.90019,0.97459,0.41496,0.14982,58,5.824,0.73017,0.04615,0.05989,2015
Belarus,Europe,2.1309,1.03192,1.23289,0.37938,0.11046,59,5.813,0.73608,0.03938,0.1909,2015
Poland,Europe,1.86565,1.12555,1.27948,0.53122,0.16759,60,5.791,0.77903,0.04263,0.04212,2015
Malaysia,Asia,1.88541,1.12486,1.07023,0.53024,0.33075,61,5.77,0.72394,0.0433,0.10501,2015
Croatia,Europe,2.75414,1.08254,0.79624,0.25883,0.05444,62,5.759,0.78805,0.04394,0.0243,2015
Libya,Africa,2.09066,1.13145,1.11862,0.41668,0.18295,63,5.754,0.7038,0.07832,0.11023,2015
Russia,Europe,2.27394,1.13764,1.23617,0.36679,0.00199,64,5.716,0.66926,0.03135,0.03005,2015
Jamaica,North America,2.32038,0.81038,1.15102,0.50442,0.2123,65,5.709,0.68741,0.13693,0.02299,2015
North Cyprus,Europe,1.59888,1.20806,1.07008,0.49027,0.26169,66,5.695,0.92356,0.05635,0.1428,2015
Cyprus,Asia,1.88931,1.20813,0.89318,0.40672,0.30638,67,5.689,0.92356,0.0558,0.06146,2015
Algeria,Africa,2.43209,0.93929,1.07772,0.28579,0.07822,68,5.605,0.61766,0.05099,0.17383,2015
Kosovo,Europe,2.76579,0.80148,0.81198,0.24749,0.2831,69,5.589,0.63132,0.05018,0.04741,2015
Turkmenistan,Asia,1.86984,0.95847,1.22668,0.4761,0.16979,70,5.548,0.53886,0.04175,0.30844,2015
Mauritius,Africa,1.76145,1.00761,0.98521,0.56066,0.37744,71,5.477,0.7095,0.07197,0.07521,2015
Hong Kong,Asia,0.65429,1.38604,1.05818,0.59608,0.39478,72,5.474,1.01328,0.05051,0.37124,2015
Estonia,Europe,1.58782,1.15174,1.22791,0.44888,0.0868,73,5.429,0.77361,0.04013,0.15184,2015
Indonesia,Asia,1.86399,0.82827,1.08708,0.46611,0.51535,74,5.399,0.63793,0.02596,0,2015
Vietnam,Asia,2.20173,0.63216,0.91226,0.59444,0.1686,75,5.36,0.74676,0.03107,0.10441,2015
Turkey,Europe,2.08528,1.06098,0.94632,0.22815,0.12253,76,5.332,0.73172,0.03864,0.15746,2015
Turkey,Asia,2.08528,1.06098,0.94632,0.22815,0.12253,76,5.332,0.73172,0.03864,0.15746,2015
Kyrgyzstan,Asia,2.2327,0.47428,1.15115,0.43477,0.3003,77,5.286,0.65088,0.03823,0.04232,2015
Nigeria,Africa,2.89319,0.65435,0.90432,0.34334,0.27233,78,5.268,0.16007,0.04192,0.0403,2015
Bhutan,Asia,1.63794,0.77042,1.10395,0.53206,0.47998,79,5.253,0.57407,0.03225,0.15445,2015
Azerbaijan,Europe,2.00073,1.02389,0.93793,0.3703,0.07799,80,5.212,0.64045,0.03363,0.16065,2015
Azerbaijan,Asia,2.00073,1.02389,0.93793,0.3703,0.07799,80,5.212,0.64045,0.03363,0.16065,2015
Pakistan,Asia,3.10709,0.59543,0.41411,0.12102,0.33671,81,5.194,0.51466,0.03726,0.10464,2015
Jordan,Asia,1.87996,0.90198,1.05392,0.40661,0.11053,82,5.192,0.69639,0.04524,0.14293,2015
Montenegro,Europe,2.10017,0.97438,0.90557,0.1826,0.1614,82,5.192,0.72521,0.05235,0.14296,2015
China,Asia,1.8604,0.89012,0.94675,0.51697,0.08185,84,5.14,0.81658,0.02424,0.02781,2015
Zambia,Africa,2.6343,0.47038,0.91612,0.48827,0.19591,85,5.129,0.29924,0.06988,0.12468,2015
Romania,Europe,1.93129,1.04345,0.88588,0.35068,0.13748,86,5.124,0.7689,0.06607,0.00649,2015
Serbia,Europe,2.025,0.92053,1.00964,0.20107,0.19231,87,5.123,0.74836,0.04864,0.02617,2015
Portugal,Europe,1.26462,1.15991,1.13935,0.51469,0.13719,88,5.102,0.87519,0.04802,0.01078,2015
Latvia,Europe,1.62215,1.11312,1.09562,0.29671,0.18226,89,5.098,0.72437,0.0464,0.06332,2015
Philippines,Asia,1.7536,0.70532,1.03516,0.62545,0.24991,90,5.073,0.58114,0.04934,0.12279,2015
Somaliland region,Africa,2.11032,0.18847,0.95152,0.46582,0.50318,91,5.057,0.43873,0.06161,0.39928,2015
Morocco,Africa,2.45373,0.73479,0.64095,0.41691,0.07172,92,5.013,0.60954,0.0342,0.08546,2015
Macedonia,Europe,1.73933,0.91851,1.00232,0.33457,0.22359,93,5.007,0.73545,0.05376,0.05327,2015
Mozambique,Africa,3.05137,0.08308,1.02626,0.34037,0.22269,94,4.971,0.09131,0.07896,0.15603,2015
Albania,Europe,1.89894,0.87867,0.80434,0.35733,0.14272,95,4.959,0.81325,0.05013,0.06413,2015
Bosnia and Herzegovina,Europe,2.06367,0.83223,0.91916,0.09245,0.24808,96,4.949,0.79081,0.06913,0.00227,2015
Lesotho,Africa,2.79832,0.37545,1.04103,0.31767,0.16388,97,4.898,0.07612,0.09438,0.12504,2015
Dominican Republic,North America,1.21305,0.89537,1.17202,0.57672,0.21684,98,4.885,0.66825,0.07446,0.14234,2015
Laos,Asia,1.73799,0.59066,0.73803,0.59591,0.42192,99,4.876,0.54909,0.06698,0.24249,2015
Mongolia,Asia,1.34759,0.82819,1.3006,0.43626,0.3323,100,4.874,0.60268,0.03313,0.02666,2015
Swaziland,Africa,2.48676,0.71206,1.07284,0.30658,0.18259,101,4.867,0.07566,0.08742,0.0306,2015
Greece,Europe,1.80101,1.15406,0.92933,0.07699,0,102,4.857,0.88213,0.05062,0.01397,2015
Lebanon,Asia,1.57059,1.02564,0.80001,0.33916,0.21854,103,4.839,0.83947,0.04337,0.04582,2015
Hungary,Europe,1.24074,1.12094,1.20215,0.32112,0.128,104,4.8,0.75905,0.06107,0.02758,2015
Honduras,North America,1.84408,0.59532,0.95348,0.40148,0.23027,105,4.788,0.6951,0.05648,0.06825,2015
Tajikistan,Asia,2.11399,0.39047,0.85563,0.47216,0.22974,106,4.786,0.57379,0.03198,0.15072,2015
Tunisia,Africa,2.12466,0.88113,0.60429,0.26268,0.06431,107,4.739,0.73793,0.03589,0.06358,2015
Palestinian Territories,Asia,2.04384,0.59867,0.92558,0.24499,0.11251,108,4.715,0.66015,0.04394,0.12905,2015
Bangladesh,Asia,2.51767,0.39753,0.43106,0.4082,0.21222,109,4.694,0.60164,0.03077,0.12569,2015
Iran,Asia,1.6944,1.0088,0.54447,0.30033,0.38086,110,4.686,0.69805,0.04449,0.05863,2015
Ukraine,Europe,1.5714,0.79907,1.20278,0.25123,0.15275,111,4.681,0.6739,0.04412,0.02961,2015
Iraq,Asia,1.95335,0.98549,0.81889,0,0.17922,112,4.677,0.60237,0.05232,0.13788,2015
South Africa,Africa,1.71956,0.92049,1.18468,0.33207,0.11973,113,4.642,0.27688,0.04585,0.08884,2015
Ghana,Africa,2.30919,0.54558,0.67954,0.42342,0.23087,114,4.633,0.40132,0.04742,0.04355,2015
Zimbabwe,Africa,2.44191,0.271,1.03276,0.25861,0.18987,115,4.61,0.33475,0.0429,0.08079,2015
Liberia,Africa,2.77729,0.0712,0.78968,0.28531,0.24362,116,4.571,0.34201,0.11068,0.06232,2015
India,Asia,2.27513,0.64499,0.38174,0.39786,0.26475,117,4.565,0.51529,0.02043,0.08492,2015
Sudan,Africa,2.20857,0.52107,1.01404,0.10081,0.19062,118,4.55,0.36878,0.0674,0.1466,2015
Haiti,North America,2.24173,0.26673,0.74302,0.24425,0.46187,119,4.518,0.38847,0.07331,0.17175,2015
Congo (Kinshasa),Africa,2.86712,0,1.0012,0.22605,0.24834,120,4.517,0.09806,0.0368,0.07625,2015
Nepal,Asia,1.95637,0.35997,0.86449,0.38282,0.32296,121,4.514,0.56874,0.03607,0.05907,2015
Ethiopia,Africa,2.44876,0.19073,0.60406,0.4345,0.24325,122,4.512,0.44055,0.0378,0.15048,2015
Sierra Leone,Africa,2.51009,0.33024,0.95571,0.4084,0.21488,123,4.507,0,0.07068,0.08786,2015
Mauritania,Africa,2.11773,0.45407,0.86908,0.24232,0.219,124,4.436,0.35874,0.03947,0.17461,2015
Kenya,Africa,1.78555,0.36471,0.99876,0.42215,0.37542,125,4.419,0.41435,0.04734,0.05839,2015
Djibouti,Africa,2.05125,0.44025,0.59207,0.46074,0.18093,126,4.369,0.36291,0.08096,0.28105,2015
Armenia,Europe,1.75873,0.76821,0.77711,0.19847,0.07855,127,4.35,0.7299,0.04763,0.039,2015
Armenia,Asia,1.75873,0.76821,0.77711,0.19847,0.07855,127,4.35,0.7299,0.04763,0.039,2015
Botswana,Africa,1.46181,0.99355,1.10464,0.49495,0.10461,128,4.332,0.04776,0.04934,0.12474,2015
Myanmar,Asia,1.41805,0.27108,0.70905,0.44017,0.79588,129,4.307,0.48246,0.04351,0.19034,2015
Georgia,Europe,1.59541,0.7419,0.38562,0.40577,0.05547,130,4.297,0.72926,0.04221,0.38331,2015
Georgia,Asia,1.59541,0.7419,0.38562,0.40577,0.05547,130,4.297,0.72926,0.04221,0.38331,2015
Malawi,Africa,2.80791,0.01604,0.41134,0.43054,0.33128,131,4.292,0.22562,0.0613,0.06977,2015
Sri Lanka,Asia,0.67108,0.83524,1.01905,0.53726,0.40828,132,4.271,0.70806,0.03751,0.09179,2015
Cameroon,Africa,1.95071,0.4225,0.88767,0.49309,0.20618,133,4.252,0.23402,0.04678,0.05786,2015
Bulgaria,Europe,0.89991,1.01216,1.10614,0.30587,0.11921,134,4.218,0.76649,0.04828,0.00872,2015
Egypt,Africa,1.59927,0.8818,0.747,0.17288,0.11291,135,4.194,0.61712,0.0326,0.06324,2015
Yemen,Asia,1.92313,0.54649,0.68093,0.35571,0.09131,136,4.077,0.40064,0.04367,0.07854,2015
Angola,Africa,1.94939,0.75778,0.8604,0.10384,0.12344,137,4.033,0.16683,0.04758,0.07122,2015
Mali,Africa,1.79293,0.26074,1.03526,0.38857,0.18798,138,3.995,0.20583,0.05602,0.12352,2015
Congo (Brazzaville),Africa,1.68135,0.67866,0.6629,0.41466,0.12388,139,3.989,0.31051,0.06682,0.11686,2015
Comoros,Africa,1.95812,0.23906,0.79273,0.22917,0.17441,140,3.956,0.36315,0.04797,0.199,2015
Uganda,Africa,1.42766,0.21102,1.13299,0.45727,0.29066,141,3.931,0.33861,0.04317,0.07267,2015
Senegal,Africa,1.44395,0.36498,0.97619,0.36772,0.20843,142,3.904,0.4354,0.03608,0.10713,2015
Gabon,Africa,0.99895,1.06024,0.90528,0.31914,0.06822,143,3.896,0.43372,0.04547,0.11091,2015
Niger,Africa,1.87877,0.0694,0.77265,0.47692,0.19387,144,3.845,0.29707,0.03602,0.15639,2015
Cambodia,Asia,0.98195,0.46038,0.62736,0.66246,0.40359,145,3.819,0.61114,0.05069,0.07247,2015
Tanzania,Africa,1.38079,0.2852,1.00268,0.32878,0.34377,146,3.781,0.38215,0.05061,0.05747,2015
Madagascar,Africa,1.851,0.20824,0.66801,0.19184,0.21333,147,3.681,0.46721,0.03633,0.08124,2015
Central African Republic,Africa,2.7223,0.0785,0,0.48879,0.23835,148,3.678,0.06699,0.06112,0.08289,2015
Chad,Africa,1.94296,0.34193,0.76062,0.23501,0.18386,149,3.667,0.1501,0.0383,0.05269,2015
Guinea,Africa,1.99172,0.17417,0.46475,0.37725,0.28657,150,3.656,0.24009,0.0359,0.12139,2015
Ivory Coast,Africa,1.41723,0.46534,0.77115,0.46866,0.20165,151,3.655,0.15185,0.05141,0.17922,2015
Burkina Faso,Africa,1.46494,0.25812,0.85188,0.39493,0.21747,152,3.587,0.27125,0.04324,0.12832,2015
Afghanistan,Asia,1.9521,0.31982,0.30285,0.23414,0.3651,153,3.575,0.30335,0.03084,0.09719,2015
Rwanda,Africa,0.67042,0.22208,0.7737,0.59201,0.22628,154,3.465,0.42864,0.03464,0.55191,2015
Benin,Africa,1.63328,0.28665,0.35386,0.4845,0.1826,155,3.34,0.3191,0.03656,0.0801,2015
Syria,Asia,0.32858,0.6632,0.47489,0.15684,0.47179,156,3.006,0.72193,0.05015,0.18906,2015
Burundi,Africa,1.83302,0.0153,0.41587,0.1185,0.19727,157,2.905,0.22396,0.08658,0.10062,2015
Togo,Africa,1.56726,0.20868,0.13995,0.36453,0.16681,158,2.839,0.28443,0.06727,0.10731,2015
Denmark,Europe,2.73939,1.44178,1.16374,0.57941,0.36171,1,7.526,0.79504,,0.44453,2016
Switzerland,Europe,2.69463,1.52733,1.14524,0.58557,0.28083,2,7.509,0.86303,,0.41203,2016
Iceland,Europe,2.83137,1.42666,1.18326,0.56624,0.47678,3,7.501,0.86733,,0.14975,2016
Norway,Europe,2.66465,1.57744,1.1269,0.59609,0.37895,4,7.498,0.79579,,0.35776,2016
Finland,Europe,2.82596,1.40598,1.13464,0.57104,0.25492,5,7.413,0.81091,,0.41004,2016
Canada,North America,2.70485,1.44015,1.0961,0.5737,0.44834,6,7.404,0.8276,,0.31329,2016
Netherlands,Europe,2.70749,1.46468,1.02912,0.55211,0.47416,7,7.339,0.81231,,0.29927,2016
New Zealand,Oceania,2.47553,1.36066,1.17278,0.58147,0.49401,8,7.334,0.83096,,0.41904,2016
Australia,Oceania,2.5465,1.44443,1.10476,0.56837,0.47407,9,7.313,0.8512,,0.32331,2016
Sweden,Europe,2.54734,1.45181,1.08764,0.58218,0.38254,10,7.291,0.83121,,0.40867,2016
Israel,Asia,3.31029,1.33766,0.99537,0.36432,0.32288,11,7.267,0.84917,,0.08728,2016
Austria,Europe,2.69343,1.45038,1.08383,0.54355,0.32865,12,7.119,0.80565,,0.21348,2016
United States,North America,2.72782,1.50796,1.04782,0.48163,0.41077,13,7.104,0.779,,0.14868,2016
Costa Rica,North America,3.35168,1.06879,1.02152,0.55225,0.22553,14,7.087,0.76146,,0.10547,2016
Puerto Rico,North America,3.0076,1.35943,1.08113,0.46823,0.22202,15,7.039,0.77758,,0.12275,2016
Germany,Europe,2.50931,1.44787,1.09774,0.53466,0.30452,16,6.994,0.81487,,0.28551,2016
Brazil,South America,3.50733,1.08754,1.03938,0.40425,0.15776,17,6.952,0.61415,,0.14166,2016
Belgium,Europe,2.61355,1.42539,1.05249,0.51354,0.2424,18,6.929,0.81959,,0.26248,2016
Ireland,Europe,2.15988,1.48341,1.16157,0.54008,0.44963,19,6.907,0.81455,,0.29754,2016
Luxembourg,Europe,2.11055,1.69752,1.03999,0.5487,0.27571,20,6.871,0.84542,,0.35329,2016
Mexico,North America,3.55906,1.11508,0.7146,0.37709,0.11735,21,6.778,0.71143,,0.18355,2016
Singapore,Asia,1.99375,1.64555,0.86758,0.4877,0.32706,22,6.739,0.94719,,0.46987,2016
United Kingdom,Europe,2.14999,1.40283,1.08672,0.50036,0.50156,23,6.725,0.80991,,0.27399,2016
Chile,South America,2.95505,1.2167,0.90587,0.37789,0.31595,24,6.705,0.81883,,0.11451,2016
Panama,North America,3.00559,1.18306,0.98912,0.48927,0.2418,25,6.701,0.70835,,0.08423,2016
Argentina,South America,3.12985,1.15137,1.06612,0.42284,0.10989,26,6.65,0.69711,,0.07296,2016
Czech Republic,Europe,2.96211,1.30915,1.00793,0.41418,0.09929,27,6.596,0.76376,,0.03986,2016
United Arab Emirates,Asia,2.21507,1.57352,0.87114,0.56215,0.26591,28,6.573,0.72993,,0.35561,2016
Uruguay,South America,2.67139,1.18157,1.03143,0.54388,0.18056,29,6.545,0.72183,,0.21394,2016
Malta,Europe,1.99032,1.30782,1.09879,0.54994,0.56237,30,6.488,0.80315,,0.17554,2016
Colombia,South America,3.17471,1.03032,1.02169,0.44735,0.15626,31,6.481,0.59659,,0.05399,2016
France,Europe,2.4744,1.39488,1.00508,0.46562,0.1216,32,6.478,0.83795,,0.17808,2016
Thailand,Asia,2.5796,1.0893,1.04477,0.49553,0.58696,33,6.474,0.64915,,0.02833,2016
Saudi Arabia,Asia,2.61482,1.48953,0.84829,0.37904,0.15457,34,6.379,0.59267,,0.30008,2016
Taiwan,Asia,2.61523,1.39729,0.92624,0.32377,0.25495,34,6.379,0.79565,,0.0663,2016
Qatar,Asia,1.58224,1.82427,0.87964,0.56679,0.32388,36,6.375,0.71723,,0.48049,2016
Spain,Europe,2.39663,1.34253,1.12945,0.37545,0.17665,37,6.361,0.87896,,0.06137,2016
Algeria,Africa,3.40904,1.05266,0.83309,0.21006,0.07044,38,6.355,0.61804,,0.16157,2016
Guatemala,North America,3.19863,0.83454,0.87119,0.50379,0.28808,39,6.324,0.54039,,0.08701,2016
Suriname,South America,3.06852,1.09686,0.77866,0.52234,0.16665,40,6.269,0.50933,,0.12692,2016
Kuwait,Asia,2.28085,1.61714,0.87758,0.43166,0.15965,41,6.239,0.63569,,0.23669,2016
Bahrain,Asia,2.27405,1.44024,0.94397,0.47375,0.17147,42,6.218,0.65696,,0.25772,2016
Trinidad and Tobago,North America,2.51394,1.32572,0.98569,0.48453,0.31935,43,6.168,0.52608,,0.01241,2016
Venezuela,South America,2.97468,1.13367,1.03302,0.19847,0.0425,44,6.084,0.61904,,0.08304,2016
Slovakia,Europe,2.61065,1.27973,1.08268,0.23391,0.13837,45,6.078,0.70367,,0.02947,2016
El Salvador,North America,3.22134,0.8737,0.80975,0.37269,0.08877,46,6.068,0.596,,0.10613,2016
Malaysia,Asia,2.35384,1.25142,0.88025,0.39031,0.41474,47,6.005,0.62366,,0.09081,2016
Nicaragua,North America,2.82428,0.69384,0.89521,0.46582,0.29773,48,5.992,0.65213,,0.16292,2016
Uzbekistan,Asia,2.34638,0.73591,1.1681,0.60848,0.34326,49,5.987,0.50163,,0.28333,2016
Italy,Europe,2.34918,1.35495,1.04167,0.18827,0.16684,50,5.977,0.85102,,0.02556,2016
Ecuador,South America,2.77366,0.97306,0.85974,0.4027,0.10074,51,5.976,0.68613,,0.18037,2016
Belize,North America,3.08039,0.87616,0.68655,0.51231,0.23684,52,5.956,0.45569,,0.10771,2016
Japan,Asia,1.80584,1.38007,1.06054,0.46761,0.10224,53,5.921,0.91491,,0.18985,2016
Kazakhstan,Europe,2.49325,1.22943,0.95544,0.4052,0.15011,54,5.919,0.57386,,0.11132,2016
Kazakhstan,Asia,2.49325,1.22943,0.95544,0.4052,0.15011,54,5.919,0.57386,,0.11132,2016
Moldova,Europe,3.38007,0.69177,0.83132,0.25202,0.19997,55,5.897,0.52309,,0.01903,2016
Russia,Europe,2.59115,1.23228,1.05261,0.32682,0.02736,56,5.856,0.58991,,0.03586,2016
Poland,Europe,2.20035,1.24585,1.04685,0.4519,0.14443,57,5.835,0.69058,,0.055,2016
South Korea,Asia,2.35015,1.35948,0.72194,0.25168,0.18824,57,5.835,0.88645,,0.07716,2016
Bolivia,South America,2.91635,0.79422,0.83779,0.50961,0.21698,59,5.822,0.4697,,0.07746,2016
Lithuania,Europe,2.60525,1.2692,1.06411,0.18929,0.02025,60,5.813,0.64674,,0.0182,2016
Belarus,Europe,2.38582,1.13062,1.04993,0.29091,0.13942,61,5.802,0.63104,,0.17457,2016
North Cyprus,Europe,1.93447,1.31141,0.81826,0.43596,0.26322,62,5.771,0.84142,,0.16578,2016
Slovenia,Europe,1.79522,1.29947,1.05613,0.53164,0.25738,63,5.768,0.79151,,0.03635,2016
Peru,South America,2.73117,0.99602,0.81255,0.37502,0.14527,64,5.743,0.62994,,0.05292,2016
Turkmenistan,Asia,2.21489,1.08017,1.03817,0.37408,0.22567,65,5.658,0.44006,,0.28467,2016
Mauritius,Africa,2.20223,1.14372,0.75695,0.46145,0.36951,66,5.648,0.66189,,0.05203,2016
Libya,Africa,2.39374,1.06688,0.95076,0.40672,0.17087,67,5.615,0.52304,,0.10339,2016
Latvia,Europe,2.20859,1.21788,0.95025,0.27996,0.17445,68,5.56,0.63952,,0.0889,2016
Cyprus,Asia,2.04497,1.31857,0.70697,0.29507,0.27906,69,5.546,0.8488,,0.05228,2016
Paraguay,South America,2.16091,0.89373,1.11111,0.46235,0.25296,70,5.538,0.58295,,0.07396,2016
Romania,Europe,2.45184,1.1697,0.72803,0.36712,0.12889,71,5.528,0.67602,,0.00679,2016
Estonia,Europe,1.81985,1.27964,1.05163,0.41511,0.08423,72,5.517,0.68098,,0.18519,2016
Jamaica,North America,2.35682,0.89333,0.96372,0.43597,0.22245,73,5.51,0.59469,,0.04294,2016
Croatia,Europe,2.52462,1.18649,0.60809,0.23907,0.18434,74,5.488,0.70524,,0.04002,2016
Hong Kong,Asia,0.92614,1.5107,0.87021,0.48079,0.40097,75,5.458,0.95277,,0.31647,2016
Somalia,Africa,3.83772,0,0.33613,0.56778,0.27225,76,5.44,0.11466,,0.3118,2016
Kosovo,Europe,2.80998,0.90145,0.66062,0.14396,0.27992,77,5.401,0.54,,0.06547,2016
Turkey,Europe,2.29074,1.16492,0.87717,0.23889,0.04707,78,5.389,0.64718,,0.12348,2016
Turkey,Asia,2.29074,1.16492,0.87717,0.23889,0.04707,78,5.389,0.64718,,0.12348,2016
Indonesia,Asia,2.03171,0.95104,0.87625,0.39237,0.56521,79,5.314,0.49374,,0.00322,2016
Jordan,Asia,2.20142,0.99673,0.86216,0.36023,0.14262,80,5.303,0.60712,,0.13297,2016
Azerbaijan,Europe,2.2735,1.12373,0.76042,0.35327,0.0564,81,5.291,0.54504,,0.17914,2016
Azerbaijan,Asia,2.2735,1.12373,0.76042,0.35327,0.0564,81,5.291,0.54504,,0.17914,2016
Philippines,Asia,2.23484,0.81217,0.87877,0.54854,0.21674,82,5.279,0.47036,,0.11757,2016
China,Asia,2.17087,1.0278,0.79381,0.44012,0.04959,83,5.245,0.73561,,0.02745,2016
Bhutan,Asia,1.82916,0.8527,0.90836,0.46074,0.48546,84,5.196,0.49759,,0.1616,2016
Kyrgyzstan,Asia,2.28136,0.56044,0.95434,0.40212,0.38432,85,5.185,0.55449,,0.04762,2016
Serbia,Europe,2.27539,1.03437,0.81329,0.15718,0.20737,86,5.177,0.6458,,0.04339,2016
Bosnia and Herzegovina,Europe,2.48406,0.93383,0.64367,0.09511,0.29889,87,5.163,0.70766,,0,2016
Montenegro,Europe,2.25531,1.07838,0.74173,0.15111,0.17191,88,5.161,0.63533,,0.12721,2016
Dominican Republic,North America,1.69626,1.02787,0.99496,0.52259,0.21286,89,5.155,0.57669,,0.12372,2016
Morocco,Africa,2.94891,0.84058,0.38595,0.25646,0.04053,90,5.151,0.59471,,0.08404,2016
Hungary,Europe,1.95473,1.24142,0.93164,0.1977,0.099,91,5.145,0.67608,,0.04472,2016
Pakistan,Asia,3.18286,0.68816,0.26135,0.14622,0.31185,92,5.132,0.40306,,0.1388,2016
Lebanon,Asia,2.07339,1.12268,0.64184,0.26228,0.23693,93,5.129,0.76171,,0.03061,2016
Portugal,Europe,1.53015,1.27607,0.94367,0.44727,0.11691,94,5.123,0.79363,,0.01521,2016
Macedonia,Europe,2.08947,1.0193,0.78236,0.27668,0.23507,95,5.121,0.64738,,0.07047,2016
Vietnam,Asia,1.9418,0.74037,0.79117,0.55954,0.25075,96,5.061,0.66157,,0.11556,2016
Somaliland Region,Africa,2.43801,0.25558,0.75862,0.3913,0.51479,97,5.057,0.33108,,0.36794,2016
Tunisia,Africa,2.68413,0.97724,0.43165,0.23553,0.03936,98,5.045,0.59577,,0.0817,2016
Greece,Europe,2.12944,1.24886,0.75473,0.05822,0,99,5.033,0.80029,,0.04127,2016
Tajikistan,Asia,2.39106,0.48835,0.75602,0.43408,0.25998,100,4.996,0.53119,,0.13509,2016
Mongolia,Asia,1.53586,0.98853,1.08983,0.35972,0.34539,101,4.907,0.55469,,0.03285,2016
Laos,Asia,2.08637,0.68042,0.5497,0.52168,0.43079,102,4.876,0.38291,,0.22423,2016
Nigeria,Africa,2.88586,0.75216,0.64498,0.27854,0.23219,103,4.875,0.05108,,0.0305,2016
Honduras,North America,2.29551,0.69429,0.75596,0.26755,0.2044,104,4.871,0.58383,,0.06906,2016
Iran,Asia,1.99817,1.11758,0.38857,0.22544,0.38538,105,4.813,0.64232,,0.0557,2016
Zambia,Africa,2.58991,0.61202,0.6376,0.42662,0.17866,106,4.795,0.23573,,0.11479,2016
Nepal,Asia,2.32694,0.44626,0.69699,0.37012,0.3816,107,4.793,0.50073,,0.07008,2016
Palestinian Territories,Asia,2.40364,0.67024,0.71629,0.17744,0.11154,108,4.754,0.56844,,0.10613,2016
Albania,Europe,1.92816,0.9553,0.50163,0.31866,0.1684,109,4.655,0.73007,,0.05301,2016
Bangladesh,Asia,2.60904,0.54177,0.24749,0.39778,0.19132,110,4.643,0.52989,,0.12583,2016
Sierra Leone,Africa,3.01402,0.36485,0.628,0.30685,0.23897,111,4.635,0,,0.08196,2016
Iraq,Asia,1.81657,1.07474,0.59205,0.24856,0.19589,112,4.575,0.51076,,0.13636,2016
Namibia,Africa,1.92198,0.93287,0.70362,0.48614,0.07795,113,4.574,0.34745,,0.10398,2016
Cameroon,Africa,2.5198,0.52497,0.62542,0.42736,0.2268,114,4.513,0.12698,,0.06126,2016
Ethiopia,Africa,2.65614,0.29283,0.37932,0.36703,0.29522,115,4.508,0.34578,,0.1717,2016
South Africa,Africa,1.64227,1.02416,0.96053,0.42483,0.13656,116,4.459,0.18611,,0.08415,2016
Sri Lanka,Asia,0.91681,0.97318,0.84783,0.50817,0.46978,117,4.415,0.62007,,0.07964,2016
India,Asia,2.18032,0.74036,0.29247,0.40285,0.25028,118,4.404,0.45091,,0.08722,2016
Myanmar,Asia,1.50655,0.34112,0.69981,0.42692,0.81971,119,4.395,0.3988,,0.20243,2016
Egypt,Africa,1.96895,0.95395,0.49813,0.18847,0.12706,120,4.362,0.52116,,0.10393,2016
Armenia,Europe,1.97864,0.86086,0.62477,0.14037,0.07793,121,4.36,0.64083,,0.03616,2016
Armenia,Asia,1.97864,0.86086,0.62477,0.14037,0.07793,121,4.36,0.64083,,0.03616,2016
Kenya,Africa,1.88326,0.52267,0.7624,0.40576,0.41328,122,4.356,0.30147,,0.06686,2016
Ukraine,Europe,1.50066,0.87287,1.01413,0.12859,0.20363,123,4.324,0.58628,,0.01829,2016
Ghana,Africa,2.2002,0.63107,0.49353,0.40973,0.21203,124,4.276,0.29681,,0.0326,2016
Congo (Kinshasa),Africa,2.74924,0.05661,0.80676,0.15602,0.25458,125,4.272,0.188,,0.06075,2016
Georgia,Europe,1.87031,0.83792,0.19249,0.32461,0.06786,126,4.252,0.64035,,0.3188,2016
Georgia,Asia,1.87031,0.83792,0.19249,0.32461,0.06786,126,4.252,0.64035,,0.3188,2016
Congo (Brazzaville),Africa,2.10681,0.77109,0.47799,0.37938,0.12077,127,4.236,0.28212,,0.09753,2016
Senegal,Africa,1.97861,0.44314,0.77416,0.31056,0.19103,128,4.219,0.40457,,0.11681,2016
Bulgaria,Europe,1.15377,1.11306,0.92542,0.21219,0.12793,129,4.217,0.67806,,0.00615,2016
Mauritania,Africa,1.9263,0.61391,0.84142,0.1268,0.22686,130,4.201,0.28639,,0.17955,2016
Zimbabwe,Africa,2.4427,0.35041,0.71478,0.25429,0.18503,131,4.193,0.1595,,0.08582,2016
Malawi,Africa,2.82859,0.08709,0.147,0.4143,0.30968,132,4.156,0.29364,,0.07564,2016
Sudan,Africa,2.10995,0.63069,0.81928,0,0.18077,133,4.139,0.29759,,0.10039,2016
Gabon,Africa,1.45332,1.15851,0.72368,0.28098,0.06244,134,4.121,0.3494,,0.09314,2016
Mali,Africa,2.11087,0.31292,0.86333,0.27544,0.21064,135,4.073,0.16347,,0.13647,2016
Haiti,North America,2.37116,0.34097,0.29561,0.12072,0.47958,136,4.028,0.27494,,0.14476,2016
Botswana,Africa,0.96741,1.09426,0.89186,0.44089,0.12425,137,3.974,0.34752,,0.10769,2016
Comoros,Africa,2.25632,0.27509,0.60323,0.15412,0.1827,138,3.956,0.29981,,0.18437,2016
Ivory Coast,Africa,1.97478,0.55507,0.57576,0.40663,0.20338,139,3.916,0.04476,,0.1553,2016
Cambodia,Asia,1.31573,0.55604,0.5375,0.58852,0.40339,140,3.907,0.42494,,0.08092,2016
Angola,Africa,2.09459,0.84731,0.66366,0.00589,0.12071,141,3.866,0.04991,,0.08434,2016
Niger,Africa,2.09469,0.1327,0.6053,0.38041,0.2097,142,3.856,0.26162,,0.17176,2016
South Sudan,Africa,2.50929,0.39394,0.18519,0.19662,0.25899,143,3.832,0.15781,,0.13015,2016
Chad,Africa,2.30637,0.42214,0.63178,0.12807,0.18667,144,3.763,0.03824,,0.04952,2016
Burkina Faso,Africa,1.87319,0.31995,0.63054,0.3337,0.24353,145,3.739,0.21297,,0.12533,2016
Uganda,Africa,1.51416,0.34719,0.90981,0.43653,0.27102,145,3.739,0.19625,,0.06442,2016
Yemen,Asia,1.97295,0.57939,0.47493,0.2287,0.09821,147,3.724,0.31048,,0.05892,2016
Madagascar,Africa,2.15075,0.27954,0.46115,0.13684,0.2204,148,3.695,0.37109,,0.07506,2016
Tanzania,Africa,1.37769,0.47155,0.77623,0.3176,0.31472,149,3.666,0.357,,0.05099,2016
Liberia,Africa,2.23284,0.10706,0.50353,0.25748,0.24063,150,3.622,0.23165,,0.04852,2016
Guinea,Africa,2.15604,0.22415,0.3109,0.30953,0.29914,151,3.607,0.18829,,0.1192,2016
Rwanda,Africa,0.96819,0.32846,0.61586,0.5432,0.23552,152,3.515,0.31865,,0.50521,2016
Benin,Africa,2.10812,0.39499,0.10419,0.39747,0.2018,153,3.484,0.21028,,0.06681,2016
Afghanistan,Asia,2.14558,0.38227,0.11037,0.1643,0.31268,154,3.36,0.17344,,0.07112,2016
Togo,Africa,2.1354,0.28123,0,0.34678,0.17517,155,3.303,0.24811,,0.11587,2016
Syria,Asia,0.81789,0.74719,0.14866,0.06912,0.48397,156,3.069,0.62994,,0.17233,2016
Burundi,Africa,2.10404,0.06831,0.23442,0.0432,0.2029,157,2.905,0.15747,,0.09419,2016
Norway,Europe,2.277026653,1.616463184,1.53352356,0.635422587,0.362012237,1,7.537000179,0.796666503,,0.315963835,2017
Denmark,Europe,2.313707352,1.482383013,1.551121593,0.626006722,0.355280489,2,7.521999836,0.792565525,,0.400770068,2017
Iceland,Europe,2.322715282,1.48063302,1.610574007,0.627162635,0.475540221,3,7.504000187,0.833552122,,0.153526559,2017
Switzerland,Europe,2.276716232,1.564979553,1.516911745,0.620070577,0.290549278,4,7.493999958,0.858131289,,0.367007285,2017
Finland,Europe,2.430181503,1.443571925,1.540246725,0.617950857,0.245482773,5,7.468999863,0.80915767,,0.382611543,2017
Netherlands,Europe,2.294804096,1.503944635,1.428939223,0.585384488,0.47048983,6,7.376999855,0.810696125,,0.282661825,2017
Canada,North America,2.187264442,1.479204416,1.481348991,0.611100912,0.435539722,7,7.315999985,0.834557652,,0.287371516,2017
New Zealand,Oceania,2.046456337,1.405706048,1.548195124,0.61406213,0.500005126,8,7.31400013,0.816759706,,0.382816702,2017
Sweden,Europe,2.097537994,1.494387269,1.478162169,0.612924099,0.385399252,9,7.28399992,0.830875158,,0.384398729,2017
Australia,Oceania,2.065210819,1.484414935,1.510041952,0.601607382,0.47769925,10,7.28399992,0.843886793,,0.30118373,2017
Israel,Asia,2.801757336,1.375382423,1.376289964,0.405988604,0.330082655,11,7.212999821,0.838404,,0.0852421,2017
Costa Rica,North America,2.898639202,1.109706283,1.416403651,0.58013165,0.214613229,12,7.078999996,0.759509265,,0.100106589,2017
Austria,Europe,2.138506413,1.487097263,1.459944963,0.56776619,0.316472322,13,7.006000042,0.815328419,,0.221060365,2017
United States,North America,2.218113422,1.546259284,1.419920564,0.505740523,0.392578781,14,6.993000031,0.774286628,,0.135638788,2017
Ireland,Europe,1.773869038,1.535706639,1.558231115,0.573110342,0.427858323,15,6.977000237,0.809782624,,0.298388153,2017
Germany,Europe,2.015769958,1.487923384,1.472520351,0.562511384,0.33626917,16,6.951000214,0.798950732,,0.276731938,2017
Belgium,Europe,2.124210358,1.463780761,1.462312698,0.539770722,0.231503338,17,6.890999794,0.818091869,,0.251343131,2017
Luxembourg,Europe,1.619512081,1.741943598,1.457583666,0.596627891,0.283180982,18,6.862999916,0.845089495,,0.318834424,2017
United Kingdom,Europe,1.704143524,1.44163394,1.49646008,0.508190036,0.492774159,19,6.714000225,0.805335939,,0.265428066,2017
Chile,South America,2.509585857,1.25278461,1.284024954,0.376895279,0.326662421,20,6.65199995,0.819479704,,0.082287982,2017
United Arab Emirates,Asia,1.734703541,1.626343369,1.266410232,0.60834527,0.360941947,21,6.647999763,0.726798236,,0.324489564,2017
Brazil,South America,2.769267082,1.10735321,1.431306005,0.437453747,0.162349895,22,6.635000229,0.616552353,,0.111092761,2017
Czech Republic,Europe,2.451861858,1.352682352,1.433885217,0.490946174,0.088106759,23,6.609000206,0.754444003,,0.036872927,2017
Argentina,South America,2.614005327,1.185295463,1.440451145,0.494519204,0.109457061,24,6.598999977,0.695137084,,0.059739888,2017
Mexico,North America,2.837154865,1.153183818,1.21086216,0.412730008,0.120990433,25,6.578000069,0.709978998,,0.132774115,2017
Singapore,Asia,1.216362,1.69227767,1.353814363,0.549840569,0.345965981,26,6.572000027,0.949492395,,0.464307785,2017
Malta,Europe,1.556862831,1.343279839,1.488411665,0.588767052,0.574730575,27,6.52699995,0.821944237,,0.153066069,2017
Uruguay,South America,2.172409534,1.217559695,1.412227869,0.579392254,0.175096929,28,6.453999996,0.719216824,,0.178061873,2017
Guatemala,North America,2.893891096,0.872001946,1.255585194,0.531310618,0.283488393,29,6.453999996,0.54023999,,0.077223279,2017
Panama,North America,2.307199955,1.233748436,1.373192549,0.550026834,0.210556939,30,6.452000141,0.706156135,,0.070983924,2017
France,Europe,2.005954742,1.430923462,1.387776852,0.470222116,0.129762307,31,6.441999912,0.844465852,,0.172502428,2017
Thailand,Asia,2.039508343,1.127868772,1.425792456,0.580200732,0.57212311,32,6.423999786,0.647239029,,0.031612735,2017
Taiwan Province of China,Asia,2.126607418,1.433626533,1.384565353,0.361466587,0.258360475,33,6.421999931,0.793984234,,0.063829236,2017
Spain,Europe,1.92775774,1.384397864,1.532090902,0.40878123,0.190133572,34,6.402999878,0.8889606,,0.070914097,2017
Qatar,Asia,1.14546442,1.870765686,1.27429688,0.604130983,0.33047387,35,6.375,0.710098088,,0.439299256,2017
Colombia,South America,2.616068125,1.070622325,1.402182937,0.477487415,0.149014473,36,6.356999874,0.595027924,,0.046668742,2017
Saudi Arabia,Asia,2.065429688,1.530623555,1.286677599,0.449750572,0.147616014,37,6.343999863,0.59014833,,0.273432255,2017
Trinidad and Tobago,North America,2.053247452,1.361355901,1.380228519,0.518630743,0.325296462,38,6.168000221,0.519983292,,0.008964816,2017
Kuwait,Asia,1.640425205,1.632952452,1.259698749,0.496337593,0.228289798,39,6.105000019,0.632105708,,0.21515955,2017
Slovakia,Europe,2.097776651,1.325393558,1.505059242,0.295817465,0.136544481,40,6.09800005,0.712732911,,0.024210852,2017
Bahrain,Asia,1.656149387,1.488412261,1.323110461,0.536746919,0.172668487,41,6.086999893,0.653133035,,0.25704217,2017
Malaysia,Asia,2.004448891,1.29121542,1.284646034,0.402264982,0.41660893,42,6.084000111,0.618784428,,0.065600708,2017
Nicaragua,North America,2.513930559,0.737299204,1.28721571,0.447551847,0.301674217,43,6.071000099,0.653095961,,0.130687982,2017
Ecuador,South America,2.290352583,1.000820398,1.286168814,0.455198199,0.150112465,44,6.007999897,0.685636222,,0.140134647,2017
El Salvador,North America,2.714593887,0.909784496,1.182125092,0.43245253,0.078257985,45,6.002999783,0.596018553,,0.08998096,2017
Poland,Europe,1.797722816,1.291787863,1.44571197,0.520342112,0.158465967,46,5.97300005,0.699475348,,0.059307806,2017
Uzbekistan,Asia,1.816913605,0.786441088,1.54896915,0.658248663,0.415983647,47,5.971000195,0.498272628,,0.246528223,2017
Italy,Europe,1.813312054,1.395066619,1.444923282,0.256450713,0.172789648,48,5.964000225,0.853144348,,0.028028091,2017
Russia,Europe,2.205607414,1.281778097,1.469282389,0.373783112,0.052263822,49,5.962999821,0.547349334,,0.032962881,2017
Belize,North America,2.631955624,0.907975316,1.081417799,0.547509372,0.240015641,50,5.955999851,0.450191766,,0.096581072,2017
Japan,Asia,1.363223553,1.416915178,1.436337829,0.505625546,0.120572768,51,5.920000076,0.913475871,,0.163760737,2017
Lithuania,Europe,2.228440523,1.314582348,1.473516107,0.234231785,0.010164657,52,5.90199995,0.62894994,,0.011865643,2017
Algeria,Africa,2.567603827,1.091864467,1.146217465,0.233335808,0.069436647,53,5.872000217,0.617584646,,0.14609611,2017
Latvia,Europe,1.993655205,1.260748625,1.404714942,0.325707912,0.153074786,54,5.849999905,0.638566971,,0.073842727,2017
South Korea,Asia,1.880378008,1.401678443,1.128274441,0.257921666,0.206674367,55,5.837999821,0.900214076,,0.063282669,2017
Moldova,Europe,2.807808399,0.72887063,1.251825571,0.240729049,0.208779126,56,5.837999821,0.589465201,,0.010091286,2017
Romania,Europe,2.176831484,1.217683911,1.15009129,0.457003742,0.133519918,57,5.824999809,0.685158312,,0.004387901,2017
Bolivia,South America,2.443279028,0.833756566,1.227619052,0.558732927,0.225560725,58,5.822999954,0.47363025,,0.060477726,2017
Turkmenistan,Asia,1.832909822,1.130776763,1.493149161,0.418271929,0.249924988,59,5.822000027,0.43772608,,0.25927034,2017
Kazakhstan,Europe,1.784892559,1.28455627,1.384369016,0.437454283,0.201964423,60,5.818999767,0.606041551,,0.119282886,2017
Kazakhstan,Asia,1.784892559,1.28455627,1.384369016,0.437454283,0.201964423,60,5.818999767,0.606041551,,0.119282886,2017
North Cyprus,Europe,1.549157619,1.346911311,1.186303377,0.471203625,0.266845703,61,5.809999943,0.834647238,,0.155353352,2017
Slovenia,Europe,1.313317299,1.341205955,1.452518821,0.572575808,0.242649093,62,5.757999897,0.790828228,,0.045128979,2017
Peru,South America,2.20726943,1.035225272,1.218770385,0.450002879,0.126819715,63,5.715000153,0.630166113,,0.047049087,2017
Mauritius,Africa,1.697583914,1.189395547,1.20956099,0.491247326,0.360933751,64,5.629000187,0.638007462,,0.042181555,2017
Cyprus,Asia,1.621249199,1.355938077,1.131363273,0.355111539,0.271254301,65,5.620999813,0.844714701,,0.041237976,2017
Estonia,Europe,1.357508659,1.32087934,1.4766711,0.47913143,0.098890811,66,5.611000061,0.695168316,,0.183248922,2017
Belarus,Europe,1.723232985,1.15655756,1.444945216,0.295400262,0.155137509,67,5.568999767,0.637714267,,0.156313822,2017
Libya,Africa,1.835011244,1.101803064,1.35756433,0.46573323,0.152073666,68,5.525000095,0.52016902,,0.09261021,2017
Turkey,Europe,1.879277945,1.198274374,1.337753177,0.3007406,0.046693042,69,5.5,0.637605608,,0.09967158,2017
Turkey,Asia,1.879277945,1.198274374,1.337753177,0.3007406,0.046693042,69,5.5,0.637605608,,0.09967158,2017
Paraguay,South America,1.68533349,0.932537317,1.50728488,0.473507792,0.224150658,70,5.493000031,0.579250693,,0.091065913,2017
"Hong Kong S.A.R., China",Asia,0.554633141,1.551674843,1.262790918,0.490968645,0.374465793,71,5.472000122,0.943062425,,0.293933749,2017
Philippines,Asia,1.972604752,0.857699215,1.253917575,0.585214674,0.193513423,72,5.429999828,0.468009055,,0.099331893,2017
Serbia,Europe,1.947084427,1.069317579,1.258189797,0.208715528,0.220125884,73,5.394999981,0.650784671,,0.040903781,2017
Jordan,Asia,1.791176558,0.991012394,1.239088893,0.418421149,0.17217046,74,5.335999966,0.604590058,,0.119803272,2017
Hungary,Europe,1.716459274,1.286011934,1.343133092,0.175863519,0.078401662,75,5.323999882,0.687763453,,0.036636937,2017
Jamaica,North America,1.612325668,0.925579309,1.368218064,0.474307239,0.233818337,76,5.31099987,0.641022384,,0.055267781,2017
Croatia,Europe,1.854492426,1.222556233,0.967983007,0.255772293,0.248002976,77,5.293000221,0.701288521,,0.04310311,2017
Kosovo,Europe,2.010540724,0.951484382,1.137853503,0.260287941,0.319931448,78,5.278999805,0.54145205,,0.057471618,2017
China,Asia,1.764938593,1.081165791,1.160837412,0.472787708,0.028806841,79,5.272999763,0.741415501,,0.022794275,2017
Pakistan,Asia,2.79248929,0.726883531,0.67269069,0.235215262,0.315446019,80,5.269000053,0.402047783,,0.124348067,2017
Indonesia,Asia,1.429476976,0.995538592,1.274444699,0.443323463,0.611704588,81,5.262000084,0.492345721,,0.015317135,2017
Venezuela,South America,1.789463758,1.128431201,1.431337595,0.153997123,0.06501963,82,5.25,0.617144227,,0.064491123,2017
Montenegro,Europe,1.729191542,1.121129036,1.238376498,0.194989055,0.197911024,83,5.236999989,0.667464674,,0.088174194,2017
Morocco,Africa,2.456189394,0.878114581,0.774864435,0.408158332,0.032209955,84,5.235000134,0.597710669,,0.087763183,2017
Azerbaijan,Europe,1.762481689,1.153601766,1.152400255,0.398155838,0.04526934,85,5.234000206,0.540775776,,0.180987507,2017
Azerbaijan,Asia,1.762481689,1.153601766,1.152400255,0.398155838,0.04526934,85,5.234000206,0.540775776,,0.180987507,2017
Dominican Republic,North America,1.31946516,1.079373837,1.402416706,0.552589834,0.18696785,86,5.230000019,0.574873745,,0.113945253,2017
Greece,Europe,1.749221563,1.289487481,1.239414573,0.095731251,0,87,5.227000237,0.810198903,,0.043289777,2017
Lebanon,Asia,1.695073843,1.074987531,1.129624248,0.288515985,0.264450759,88,5.224999905,0.735081077,,0.03751383,2017
Portugal,Europe,1.107682705,1.315175295,1.367043018,0.4984653,0.095102713,89,5.195000172,0.795843542,,0.015869452,2017
Bosnia and Herzegovina,Europe,1.892172575,0.982409418,1.069335938,0.204403177,0.328867495,90,5.18200016,0.705186307,,0,2017
Honduras,North America,2.065811157,0.730573118,1.143944979,0.34807986,0.236188874,91,5.181000233,0.58256948,,0.073345453,2017
Macedonia,Europe,1.617469311,1.064577937,1.207893014,0.325905979,0.253760964,92,5.175000191,0.644948184,,0.060277794,2017
Somalia,Africa,3.11748457,0.022643184,0.721151352,0.602126956,0.291631311,93,5.151000023,0.113989137,,0.282410324,2017
Vietnam,Asia,1.462318659,0.788547575,1.277491331,0.571055591,0.234968051,94,5.073999882,0.652168989,,0.087633237,2017
Nigeria,Africa,2.365390539,0.783756256,1.215770483,0.394952565,0.230947196,95,5.073999882,0.05691573,,0.026121566,2017
Tajikistan,Asia,1.84904933,0.524713635,1.271463275,0.471566707,0.248997644,96,5.040999889,0.529235125,,0.146377146,2017
Bhutan,Asia,1.140184402,0.885416389,1.340126514,0.501537681,0.474054545,97,5.011000156,0.495879292,,0.17338039,2017
Kyrgyzstan,Asia,1.536723137,0.596220076,1.394238591,0.454943389,0.428580374,98,5.004000187,0.553457797,,0.039439179,2017
Nepal,Asia,1.891241074,0.479820192,1.179283261,0.440305948,0.394096166,99,4.961999893,0.504130781,,0.072975546,2017
Mongolia,Asia,1.111292362,1.027235866,1.493011236,0.394143969,0.33846423,100,4.954999924,0.557783484,,0.032902289,2017
South Africa,Africa,1.510908604,1.054698706,1.384788632,0.479246736,0.13936238,101,4.828999996,0.18708007,,0.072509497,2017
Tunisia,Africa,1.89025116,1.007265806,0.86835146,0.28968069,0.049693357,102,4.804999828,0.613212049,,0.086723149,2017
Palestinian Territories,Asia,1.878890276,0.716249228,1.155647159,0.254711062,0.114173174,103,4.775000095,0.565666974,,0.089282602,2017
Egypt,Africa,1.702161074,0.989701807,0.997471392,0.282110155,0.128631443,104,4.735000134,0.520187259,,0.114381365,2017
Bulgaria,Europe,0.996139288,1.161459088,1.434379458,0.289231718,0.113177694,105,4.714000225,0.70821768,,0.011051531,2017
Sierra Leone,Africa,2.668459892,0.368420929,0.984136045,0.318697691,0.293040901,106,4.709000111,0.005564754,,0.071095176,2017
Cameroon,Africa,2.333645582,0.564305365,0.946018219,0.430388749,0.236298457,107,4.695000172,0.132892117,,0.051306631,2017
Iran,Asia,1.498734951,1.156873107,0.711551249,0.249322608,0.387242913,108,4.691999912,0.639333189,,0.048761073,2017
Albania,Europe,1.490441561,0.996192753,0.803685248,0.381498635,0.201312944,109,4.644000053,0.731159747,,0.039864216,2017
Bangladesh,Asia,1.978736162,0.586682975,0.735131741,0.478356659,0.172255352,110,4.607999802,0.533241034,,0.123717859,2017
Namibia,Africa,1.481890202,0.964434326,1.098470807,0.520303547,0.077133745,111,4.573999882,0.338611811,,0.093146972,2017
Kenya,Africa,1.651902199,0.560479462,1.067950726,0.452763766,0.444860309,112,4.552999973,0.30998835,,0.064641319,2017
Mozambique,Africa,2.355650902,0.23430565,0.870701015,0.480791092,0.322228104,113,4.550000191,0.106654435,,0.179436386,2017
Myanmar,Asia,1.115290403,0.36711055,1.123235941,0.514492035,0.838075161,114,4.545000076,0.397522569,,0.188816205,2017
Senegal,Africa,1.789646149,0.479309022,1.179691911,0.377922267,0.183468893,115,4.534999847,0.409362853,,0.115460448,2017
Zambia,Africa,1.826705456,0.636406779,1.003187299,0.461603492,0.249580145,116,4.513999939,0.257835895,,0.07821355,2017
Iraq,Asia,1.318907261,1.102710485,0.978613198,0.288555533,0.199637264,117,4.497000217,0.50118047,,0.107215755,2017
Gabon,Africa,1.322916269,1.198210239,1.155620217,0.312328577,0.043785378,118,4.465000153,0.356578588,,0.076046787,2017
Ethiopia,Africa,2.015743732,0.339233845,0.864669204,0.408842742,0.31265074,119,4.460000038,0.353409708,,0.165455714,2017
Sri Lanka,Asia,0.419389248,1.009850144,1.259976387,0.561213255,0.490863562,120,4.440000057,0.625130832,,0.073653966,2017
Armenia,Europe,1.521499157,0.900596738,1.007483721,0.198303267,0.083488092,121,4.375999928,0.637524426,,0.026674422,2017
Armenia,Asia,1.521499157,0.900596738,1.007483721,0.198303267,0.083488092,121,4.375999928,0.637524426,,0.026674422,2017
India,Asia,1.519117117,0.792221248,0.754372597,0.469987005,0.231538489,122,4.315000057,0.455427617,,0.092226885,2017
Mauritania,Africa,1.651637316,0.648457289,1.27203083,0.096098043,0.201870024,123,4.291999817,0.28534928,,0.136957005,2017
Congo (Brazzaville),Africa,1.724135637,0.808964252,0.832044363,0.435025871,0.120852128,124,4.290999889,0.289957434,,0.079618134,2017
Georgia,Europe,1.500137806,0.950612664,0.570614934,0.309410036,0.054008815,125,4.285999775,0.649546981,,0.251666635,2017
Georgia,Asia,1.500137806,0.950612664,0.570614934,0.309410036,0.054008815,125,4.285999775,0.649546981,,0.251666635,2017
Congo (Kinshasa),Africa,2.224958658,0.092102349,1.229023457,0.235961348,0.246455833,126,4.28000021,0.191407025,,0.060241356,2017
Mali,Africa,1.668190956,0.476180494,1.281473398,0.306613743,0.183354199,127,4.190000057,0.169365674,,0.104970247,2017
Ivory Coast,Africa,1.844964266,0.603048921,0.90478003,0.447706193,0.20123747,128,4.179999828,0.04864217,,0.130061775,2017
Cambodia,Asia,1.042941093,0.601765096,1.006238341,0.633375823,0.385922968,129,4.168000221,0.429783404,,0.068105951,2017
Sudan,Africa,1.68706584,0.659516692,1.21400857,0.014995855,0.182317451,130,4.138999939,0.290920824,,0.08984752,2017
Ghana,Africa,1.577867508,0.667224824,0.873664737,0.423026294,0.256923944,131,4.119999886,0.295637727,,0.02533637,2017
Ukraine,Europe,0.814382315,0.894651949,1.394537568,0.122974776,0.270061463,132,4.096000195,0.575903952,,0.023029471,2017
Uganda,Africa,1.526362658,0.381430715,1.129827738,0.443185955,0.325766057,133,4.080999851,0.217632607,,0.057069719,2017
Burkina Faso,Africa,1.727212906,0.350227714,1.043280005,0.324367851,0.250864685,134,4.032000065,0.215844259,,0.120328106,2017
Niger,Africa,1.873983383,0.161925331,0.993025005,0.363658696,0.228673846,135,4.027999878,0.268505007,,0.138572946,2017
Malawi,Africa,2.081786156,0.233442038,0.512568831,0.466914654,0.28717047,136,3.970000029,0.315089583,,0.072711654,2017
Chad,Africa,2.071238041,0.438012987,0.953855872,0.162342027,0.21611385,137,3.936000109,0.041134715,,0.053581882,2017
Zimbabwe,Africa,1.597970247,0.375846535,1.083095908,0.336384207,0.189143494,138,3.875,0.196763754,,0.095375381,2017
Lesotho,Africa,1.42983532,0.521021247,1.190095186,0.390661299,0.157497272,139,3.808000088,0,,0.11909464,2017
Angola,Africa,1.614482403,0.85842818,1.10441196,0,0.09792649,140,3.795000076,0.049868666,,0.069720335,2017
Afghanistan,Asia,2.150801182,0.401477218,0.581543326,0.10617952,0.311870933,141,3.79399991,0.180746779,,0.06115783,2017
Botswana,Africa,0.377913713,1.122094154,1.221554995,0.505196333,0.099348448,142,3.766000032,0.341755509,,0.098583199,2017
Benin,Africa,1.885630965,0.431085408,0.435299844,0.425962776,0.207948461,143,3.657000065,0.209930211,,0.060929015,2017
Madagascar,Africa,1.584612608,0.305808693,0.913020372,0.189196765,0.20873253,144,3.644000053,0.375223309,,0.067231975,2017
Haiti,North America,1.697167635,0.368610263,0.640449822,0.030369857,0.489203781,145,3.602999926,0.27732113,,0.09987215,2017
Yemen,Asia,1.345600605,0.591683447,0.935382247,0.249463722,0.104125209,146,3.592999935,0.310080916,,0.056767423,2017
South Sudan,Africa,1.879567385,0.397248626,0.601323128,0.147062436,0.285670817,147,3.59100008,0.163486004,,0.116793513,2017
Liberia,Africa,1.673285961,0.119041793,0.872117937,0.332881182,0.266549885,148,3.532999992,0.229918197,,0.038948249,2017
Guinea,Africa,1.552311897,0.24454993,0.791244686,0.348587513,0.264815092,149,3.506999969,0.194129139,,0.110937618,2017
Togo,Africa,1.837229252,0.305444717,0.43188253,0.380426139,0.196896151,150,3.494999886,0.247105569,,0.095665015,2017
Rwanda,Africa,0.540061235,0.368745893,0.945707023,0.581843853,0.252756029,151,3.470999956,0.326424807,,0.455220014,2017
Syria,Asia,1.061573505,0.777153134,0.396102607,0.081539445,0.493663728,152,3.461999893,0.500533342,,0.151347131,2017
Tanzania,Africa,0.621130466,0.511135876,1.041989803,0.390017778,0.354256362,153,3.348999977,0.364509284,,0.066035107,2017
Burundi,Africa,1.683024168,0.091622569,0.629793584,0.059900753,0.204435185,154,2.904999971,0.151610792,,0.084147945,2017
Central African Republic,Africa,2.066004753,0,0,0.270842046,0.280876487,155,2.693000078,0.018772686,,0.056565076,2017
Finland,Europe,1.592,1.305,,0.681,0.202,1,7.632,0.874,,0.393,2018
Norway,Europe,1.582,1.456,,0.686,0.286,2,7.594,0.861,,0.34,2018
Denmark,Europe,1.59,1.351,,0.683,0.284,3,7.555,0.868,,0.408,2018
Iceland,Europe,1.644,1.343,,0.677,0.353,4,7.495,0.914,,0.138,2018
Switzerland,Europe,1.549,1.42,,0.66,0.256,5,7.487,0.927,,0.357,2018
Netherlands,Europe,1.488,1.361,,0.638,0.333,6,7.441,0.878,,0.295,2018
Canada,North America,1.532,1.33,,0.653,0.321,7,7.328,0.896,,0.291,2018
New Zealand,Oceania,1.601,1.268,,0.669,0.365,8,7.324,0.876,,0.389,2018
Sweden,Europe,1.501,1.355,,0.659,0.285,9,7.314,0.913,,0.383,2018
Australia,Oceania,1.573,1.34,,0.647,0.361,10,7.272,0.91,,0.302,2018
United Kingdom,Europe,1.433,1.244,,0.464,0.262,11,7.19,0.888,,0.082,2018
Austria,Europe,1.504,1.341,,0.617,0.242,12,7.139,0.891,,0.224,2018
Costa Rica,North America,1.459,1.01,,0.632,0.143,13,7.072,0.817,,0.101,2018
Ireland,Europe,1.583,1.448,,0.614,0.307,14,6.977,0.876,,0.306,2018
Germany,Europe,1.474,1.34,,0.586,0.273,15,6.965,0.861,,0.28,2018
Belgium,Europe,1.483,1.324,,0.583,0.188,16,6.927,0.894,,0.24,2018
Luxembourg,Europe,1.52,1.576,,0.632,0.196,17,6.91,0.896,,0.321,2018
United States,North America,1.471,1.398,,0.547,0.291,18,6.886,0.819,,0.133,2018
Israel,Asia,1.559,1.301,,0.533,0.354,19,6.814,0.883,,0.272,2018
United Arab Emirates,Asia,0.776,2.096,,0.284,0.186,20,6.774,0.67,,0,2018
Czech Republic,Europe,1.489,1.233,,0.543,0.064,21,6.711,0.854,,0.034,2018
Malta,Europe,1.525,1.27,,0.645,0.376,22,6.627,0.884,,0.142,2018
France,Europe,1.466,1.293,,0.52,0.098,23,6.489,0.908,,0.176,2018
Mexico,North America,1.252,1.038,,0.479,0.069,24,6.488,0.761,,0.095,2018
Chile,South America,1.331,1.131,,0.431,0.197,25,6.476,0.808,,0.061,2018
Taiwan,Asia,1.436,1.365,,0.418,0.151,26,6.441,0.857,,0.078,2018
Panama,North America,1.438,1.112,,0.597,0.125,27,6.43,0.759,,0.063,2018
Brazil,South America,1.474,0.986,,0.493,0.11,28,6.419,0.675,,0.088,2018
Argentina,South America,1.468,1.073,,0.57,0.062,29,6.388,0.744,,0.054,2018
Guatemala,North America,1.268,0.781,,0.604,0.179,30,6.382,0.608,,0.071,2018
Uruguay,South America,1.459,1.093,,0.625,0.13,31,6.379,0.771,,0.155,2018
Qatar,Asia,1.303,1.649,,0.654,0.256,32,6.374,0.748,,0.171,2018
Saudi Arabia,Asia,1.331,1.379,,0.509,0.098,33,6.371,0.633,,0.127,2018
Singapore,Asia,1.451,1.529,,0.631,0.261,34,6.343,1.008,,0.457,2018
Malaysia,Asia,1.258,1.161,,0.356,0.311,35,6.322,0.669,,0.059,2018
Spain,Europe,1.538,1.251,,0.449,0.142,36,6.31,0.965,,0.074,2018
Colombia,South America,1.439,0.96,,0.531,0.099,37,6.26,0.635,,0.039,2018
Trinidad & Tobago,North America,1.492,1.223,,0.575,0.171,38,6.192,0.564,,0.019,2018
Slovakia,Europe,1.537,1.21,,0.354,0.118,39,6.173,0.776,,0.014,2018
El Salvador,North America,1.231,0.806,,0.461,0.065,40,6.167,0.639,,0.082,2018
Nicaragua,North America,1.319,0.668,,0.527,0.208,41,6.141,0.7,,0.128,2018
Poland,Europe,1.448,1.176,,0.546,0.108,42,6.123,0.781,,0.064,2018
Bahrain,Asia,1.366,1.338,,0.594,0.243,43,6.105,0.698,,0.123,2018
Uzbekistan,Asia,1.584,0.719,,0.724,0.328,44,6.096,0.605,,0.259,2018
Kuwait,Asia,1.301,1.474,,0.554,0.167,45,6.083,0.675,,0.106,2018
Thailand,Asia,1.417,1.016,,0.637,0.364,46,6.072,0.707,,0.029,2018
Italy,Europe,1.501,1.264,,0.281,0.137,47,6,0.946,,0.028,2018
Ecuador,South America,1.33,0.889,,0.556,0.114,48,5.973,0.736,,0.12,2018
Belize,North America,1.101,0.807,,0.593,0.183,49,5.956,0.474,,0.089,2018
Lithuania,Europe,1.527,1.197,,0.35,0.026,50,5.952,0.716,,0.006,2018
Slovenia,Europe,1.506,1.219,,0.633,0.16,51,5.948,0.856,,0.051,2018
Romania,Europe,1.219,1.116,,0.528,0.088,52,5.945,0.726,,0.001,2018
Latvia,Europe,1.454,1.148,,0.363,0.092,53,5.933,0.671,,0.066,2018
Japan,Asia,1.462,1.294,,0.553,0.079,54,5.915,0.988,,0.15,2018
Mauritius,Africa,1.387,1.09,,0.584,0.245,55,5.891,0.684,,0.05,2018
Jamaica,North America,1.493,0.819,,0.575,0.096,56,5.89,0.693,,0.031,2018
South Korea,Asia,1.204,1.266,,0.244,0.175,57,5.875,0.955,,0.051,2018
Northern Cyprus,Europe,1.211,1.229,,0.495,0.179,58,5.835,0.909,,0.154,2018
Russia,Europe,1.479,1.151,,0.399,0.065,59,5.81,0.599,,0.025,2018
Kazakhstan,Europe,1.516,1.143,,0.454,0.148,60,5.79,0.631,,0.121,2018
Kazakhstan,Asia,1.516,1.143,,0.454,0.148,60,5.79,0.631,,0.121,2018
Cyprus,Asia,1.191,1.229,,0.423,0.202,61,5.762,0.909,,0.035,2018
Bolivia,South America,1.223,0.751,,0.606,0.141,62,5.752,0.508,,0.054,2018
Estonia,Europe,1.532,1.2,,0.553,0.086,63,5.739,0.737,,0.174,2018
Paraguay,South America,1.522,0.835,,0.541,0.162,64,5.681,0.615,,0.074,2018
Peru,South America,1.249,0.934,,0.53,0.092,65,5.663,0.674,,0.034,2018
Kosovo,Europe,1.23,0.855,,0.448,0.274,66,5.662,0.578,,0.023,2018
Moldova,Europe,1.301,0.657,,0.232,0.171,67,5.64,0.62,,0,2018
Turkmenistan,Asia,1.533,1.016,,0.417,0.199,68,5.636,0.517,,0.037,2018
Hungary,Europe,1.401,1.171,,0.259,0.061,69,5.62,0.732,,0.022,2018
Libya,Africa,1.35,0.985,,0.496,0.116,70,5.566,0.553,,0.148,2018
Philippines,Asia,1.312,0.775,,0.643,0.12,71,5.524,0.513,,0.105,2018
Honduras,North America,1.205,0.62,,0.459,0.197,72,5.504,0.622,,0.074,2018
Belarus,Europe,1.498,1.039,,0.307,0.101,73,5.483,0.7,,0.154,2018
Turkey,Europe,1.38,1.148,,0.324,0.106,74,5.483,0.686,,0.109,2018
Turkey,Asia,1.38,1.148,,0.324,0.106,74,5.483,0.686,,0.109,2018
Pakistan,Asia,0.81,0.652,,0.334,0.216,75,5.472,0.424,,0.113,2018
Hong Kong,Asia,1.29,1.405,,0.524,0.246,76,5.43,1.03,,0.291,2018
Portugal,Europe,1.429,1.188,,0.562,0.055,77,5.41,0.884,,0.017,2018
Serbia,Europe,1.369,0.975,,0.288,0.134,78,5.398,0.685,,0.043,2018
Greece,Europe,1.202,1.154,,0.131,0,79,5.358,0.879,,0.044,2018
Lebanon,Asia,1.179,0.965,,0.503,0.214,80,5.358,0.785,,0.136,2018
Montenegro,Europe,1.279,1.017,,0.259,0.111,81,5.347,0.729,,0.081,2018
Croatia,Europe,1.161,1.115,,0.38,0.12,82,5.321,0.737,,0.039,2018
Dominican Republic,North America,1.441,0.982,,0.578,0.12,83,5.302,0.614,,0.106,2018
Algeria,Africa,1.154,0.979,,0.077,0.055,84,5.295,0.687,,0.135,2018
Morocco,Africa,0.797,0.779,,0.46,0.026,85,5.254,0.669,,0.074,2018
China,Asia,1.142,0.989,,0.597,0.029,86,5.246,0.799,,0.103,2018
Azerbaijan,Europe,1.161,1.024,,0.43,0.031,87,5.201,0.603,,0.176,2018
Azerbaijan,Asia,1.161,1.024,,0.43,0.031,87,5.201,0.603,,0.176,2018
Tajikistan,Asia,1.166,0.474,,0.292,0.187,88,5.199,0.598,,0.034,2018
Macedonia,Europe,1.239,0.959,,0.394,0.173,89,5.185,0.691,,0.052,2018
Jordan,Asia,1.265,0.822,,0.468,0.13,90,5.161,0.645,,0.134,2018
Nigeria,Africa,1.172,0.689,,0.462,0.201,91,5.155,0.048,,0.032,2018
Kyrgyzstan,Asia,1.416,0.53,,0.54,0.281,92,5.131,0.594,,0.035,2018
Bosnia and Herzegovina,Europe,1.078,0.915,,0.28,0.216,93,5.129,0.758,,0,2018
Mongolia,Asia,1.517,0.914,,0.395,0.253,94,5.125,0.575,,0.032,2018
Vietnam,Asia,1.365,0.715,,0.618,0.177,95,5.103,0.702,,0.079,2018
Indonesia,Asia,1.215,0.899,,0.538,0.484,96,5.093,0.522,,0.018,2018
Bhutan,Asia,1.335,0.796,,0.541,0.364,97,5.082,0.527,,0.171,2018
Somalia,Africa,0.712,0,,0.674,0.238,98,4.982,0.115,,0.282,2018
Cameroon,Africa,0.891,0.535,,0.454,0.183,99,4.975,0.182,,0.043,2018
Bulgaria,Europe,1.515,1.054,,0.359,0.064,100,4.933,0.712,,0.009,2018
Nepal,Asia,1.228,0.425,,0.526,0.302,101,4.88,0.539,,0.078,2018
Venezuela,South America,1.469,0.996,,0.133,0.056,102,4.806,0.657,,0.052,2018
Gabon,Africa,1.164,1.036,,0.356,0.032,103,4.758,0.404,,0.052,2018
Palestinian Territories,Asia,1.217,0.642,,0.266,0.086,104,4.743,0.602,,0.076,2018
South Africa,Africa,1.41,0.94,,0.516,0.103,105,4.724,0.33,,0.056,2018
Iran,Asia,0.771,1.059,,0.459,0.282,106,4.707,0.691,,0.129,2018
Ivory Coast,Africa,0.872,0.541,,0.467,0.146,107,4.671,0.08,,0.103,2018
Ghana,Africa,0.896,0.592,,0.499,0.212,108,4.657,0.337,,0.029,2018
Senegal,Africa,1.117,0.429,,0.406,0.138,109,4.631,0.433,,0.082,2018
Laos,Asia,1.034,0.72,,0.626,0.23,110,4.623,0.441,,0.174,2018
Tunisia,Africa,0.906,0.9,,0.271,0.04,111,4.592,0.69,,0.063,2018
Albania,Europe,0.817,0.916,,0.419,0.149,112,4.586,0.79,,0.032,2018
Sierra Leone,Africa,0.813,0.256,,0.355,0.238,113,4.571,0,,0.053,2018
Congo (Brazzaville),Africa,0.811,0.682,,0.514,0.091,114,4.559,0.343,,0.077,2018
Bangladesh,Asia,0.85,0.532,,0.58,0.153,115,4.5,0.579,,0.144,2018
Sri Lanka,Asia,1.314,0.918,,0.585,0.307,116,4.471,0.672,,0.05,2018
Iraq,Asia,0.971,1.01,,0.304,0.148,117,4.456,0.536,,0.095,2018
Mali,Africa,1.233,0.37,,0.367,0.139,118,4.447,0.152,,0.056,2018
Namibia,Africa,1.281,0.874,,0.519,0.051,119,4.441,0.365,,0.064,2018
Cambodia,Asia,1.088,0.549,,0.696,0.256,120,4.433,0.457,,0.065,2018
Burkina Faso,Africa,1.097,0.314,,0.312,0.175,121,4.424,0.254,,0.128,2018
Egypt,Africa,1.025,0.885,,0.312,0.092,122,4.419,0.553,,0.107,2018
Mozambique,Africa,0.902,0.198,,0.531,0.206,123,4.417,0.173,,0.158,2018
Kenya,Africa,1.048,0.493,,0.504,0.352,124,4.41,0.454,,0.055,2018
Zambia,Africa,1.047,0.562,,0.503,0.221,125,4.377,0.295,,0.082,2018
Mauritania,Africa,1.245,0.557,,0.129,0.134,126,4.356,0.292,,0.093,2018
Ethiopia,Africa,0.95,0.308,,0.452,0.22,127,4.35,0.391,,0.146,2018
Georgia,Europe,0.592,0.853,,0.375,0.038,128,4.34,0.643,,0.215,2018
Georgia,Asia,0.592,0.853,,0.375,0.038,128,4.34,0.643,,0.215,2018
Armenia,Europe,0.99,0.816,,0.26,0.077,129,4.321,0.666,,0.028,2018
Armenia,Asia,0.99,0.816,,0.26,0.077,129,4.321,0.666,,0.028,2018
Myanmar,Asia,1.174,0.682,,0.58,0.598,130,4.308,0.429,,0.178,2018
Chad,Africa,0.907,0.358,,0.189,0.181,131,4.301,0.053,,0.06,2018
Congo (Kinshasa),Africa,1.136,0.069,,0.312,0.197,132,4.245,0.204,,0.052,2018
India,Asia,0.747,0.721,,0.539,0.172,133,4.19,0.485,,0.093,2018
Niger,Africa,0.867,0.131,,0.39,0.175,134,4.166,0.221,,0.099,2018
Uganda,Africa,1.09,0.322,,0.45,0.259,135,4.161,0.237,,0.061,2018
Benin,Africa,0.372,0.378,,0.44,0.163,136,4.141,0.24,,0.067,2018
Sudan,Africa,1.24,0.605,,0.016,0.134,137,4.139,0.312,,0.082,2018
Ukraine,Europe,1.413,0.793,,0.163,0.187,138,4.103,0.609,,0.011,2018
Togo,Africa,0.474,0.259,,0.434,0.158,139,3.999,0.253,,0.101,2018
Guinea,Africa,0.792,0.344,,0.394,0.185,140,3.964,0.211,,0.094,2018
Lesotho,Africa,1.215,0.472,,0.423,0.116,141,3.808,0.079,,0.112,2018
Angola,Africa,1.125,0.73,,0,0.079,142,3.795,0.269,,0.061,2018
Madagascar,Africa,0.908,0.262,,0.221,0.155,143,3.774,0.402,,0.049,2018
Zimbabwe,Africa,1.094,0.357,,0.406,0.132,144,3.692,0.248,,0.099,2018
Afghanistan,Asia,0.537,0.332,,0.085,0.191,145,3.632,0.255,,0.036,2018
Botswana,Africa,1.174,1.017,,0.557,0.042,146,3.59,0.417,,0.092,2018
Malawi,Africa,0.541,0.186,,0.531,0.21,147,3.587,0.306,,0.08,2018
Haiti,North America,0.714,0.315,,0.025,0.392,148,3.582,0.289,,0.104,2018
Liberia,Africa,0.858,0.076,,0.419,0.206,149,3.495,0.267,,0.03,2018
Syria,Asia,0.382,0.689,,0.088,0.376,150,3.462,0.539,,0.144,2018
Rwanda,Africa,0.896,0.332,,0.636,0.2,151,3.408,0.4,,0.444,2018
Yemen,Asia,1.073,0.442,,0.244,0.083,152,3.355,0.343,,0.064,2018
Tanzania,Africa,0.991,0.455,,0.481,0.27,153,3.303,0.381,,0.097,2018
South Sudan,Africa,0.608,0.337,,0.112,0.224,154,3.254,0.177,,0.106,2018
Central African Republic,Africa,0,0.024,,0.305,0.218,155,3.083,0.01,,0.038,2018
Burundi,Africa,0.627,0.091,,0.065,0.149,156,2.905,0.145,,0.076,2018
Finland,Europe,1.587,1.34,,0.596,0.153,1,7.769,0.986,,0.393,2019
Denmark,Europe,1.573,1.383,,0.592,0.252,2,7.6,0.996,,0.41,2019
Norway,Europe,1.582,1.488,,0.603,0.271,3,7.554,1.028,,0.341,2019
Iceland,Europe,1.624,1.38,,0.591,0.354,4,7.494,1.026,,0.118,2019
Netherlands,Europe,1.522,1.396,,0.557,0.322,5,7.488,0.999,,0.298,2019
Switzerland,Europe,1.526,1.452,,0.572,0.263,6,7.48,1.052,,0.343,2019
Sweden,Europe,1.487,1.387,,0.574,0.267,7,7.343,1.009,,0.373,2019
New Zealand,Oceania,1.557,1.303,,0.585,0.33,8,7.307,1.026,,0.38,2019
Canada,North America,1.505,1.365,,0.584,0.285,9,7.278,1.039,,0.308,2019
Austria,Europe,1.475,1.376,,0.532,0.244,10,7.246,1.016,,0.226,2019
Australia,Oceania,1.548,1.372,,0.557,0.332,11,7.228,1.036,,0.29,2019
Costa Rica,North America,1.441,1.034,,0.558,0.144,12,7.167,0.963,,0.093,2019
Israel,Asia,1.455,1.276,,0.371,0.261,13,7.139,1.029,,0.082,2019
Luxembourg,Europe,1.479,1.609,,0.526,0.194,14,7.09,1.012,,0.316,2019
United Kingdom,Europe,1.538,1.333,,0.45,0.348,15,7.054,0.996,,0.278,2019
Ireland,Europe,1.553,1.499,,0.516,0.298,16,7.021,0.999,,0.31,2019
Germany,Europe,1.454,1.373,,0.495,0.261,17,6.985,0.987,,0.265,2019
Belgium,Europe,1.504,1.356,,0.473,0.16,18,6.923,0.986,,0.21,2019
United States,North America,1.457,1.433,,0.454,0.28,19,6.892,0.874,,0.128,2019
Czech Republic,Europe,1.487,1.269,,0.457,0.046,20,6.852,0.92,,0.036,2019
United Arab Emirates,Asia,1.31,1.503,,0.598,0.262,21,6.825,0.825,,0.182,2019
Malta,Europe,1.52,1.3,,0.564,0.375,22,6.726,0.999,,0.151,2019
Mexico,North America,1.323,1.07,,0.433,0.074,23,6.595,0.861,,0.073,2019
France,Europe,1.472,1.324,,0.436,0.111,24,6.592,1.045,,0.183,2019
Taiwan,Asia,1.43,1.368,,0.351,0.242,25,6.446,0.914,,0.097,2019
Chile,South America,1.369,1.159,,0.357,0.187,26,6.444,0.92,,0.056,2019
Guatemala,North America,1.269,0.8,,0.535,0.175,27,6.436,0.746,,0.078,2019
Saudi Arabia,Asia,1.357,1.403,,0.439,0.08,28,6.375,0.795,,0.132,2019
Qatar,Asia,1.313,1.684,,0.555,0.22,29,6.374,0.871,,0.167,2019
Spain,Europe,1.484,1.286,,0.362,0.153,30,6.354,1.062,,0.079,2019
Panama,North America,1.442,1.149,,0.516,0.109,31,6.321,0.91,,0.054,2019
Brazil,South America,1.439,1.004,,0.39,0.099,32,6.3,0.802,,0.086,2019
Uruguay,South America,1.465,1.124,,0.523,0.127,33,6.293,0.891,,0.15,2019
Singapore,Asia,1.463,1.572,,0.556,0.271,34,6.262,1.141,,0.453,2019
El Salvador,North America,1.242,0.794,,0.43,0.093,35,6.253,0.789,,0.074,2019
Italy,Europe,1.488,1.294,,0.231,0.158,36,6.223,1.039,,0.03,2019
Bahrain,Asia,1.368,1.362,,0.536,0.255,37,6.199,0.871,,0.11,2019
Slovakia,Europe,1.504,1.246,,0.334,0.121,38,6.198,0.881,,0.014,2019
Trinidad & Tobago,North America,1.477,1.231,,0.489,0.185,39,6.192,0.713,,0.016,2019
Poland,Europe,1.438,1.206,,0.483,0.117,40,6.182,0.884,,0.05,2019
Uzbekistan,Asia,1.529,0.745,,0.631,0.322,41,6.174,0.756,,0.24,2019
Lithuania,Europe,1.515,1.238,,0.291,0.043,42,6.149,0.818,,0.042,2019
Colombia,South America,1.41,0.985,,0.47,0.099,43,6.125,0.841,,0.034,2019
Slovenia,Europe,1.523,1.258,,0.564,0.144,44,6.118,0.953,,0.057,2019
Nicaragua,North America,1.325,0.694,,0.435,0.2,45,6.105,0.835,,0.127,2019
Kosovo,Europe,1.232,0.882,,0.489,0.262,46,6.1,0.758,,0.006,2019
Argentina,South America,1.432,1.092,,0.471,0.066,47,6.086,0.881,,0.05,2019
Romania,Europe,1.232,1.162,,0.462,0.083,48,6.07,0.825,,0.005,2019
Cyprus,Asia,1.223,1.263,,0.406,0.19,49,6.046,1.042,,0.041,2019
Ecuador,South America,1.312,0.912,,0.498,0.126,50,6.028,0.868,,0.087,2019
Kuwait,Asia,1.319,1.5,,0.493,0.142,51,6.021,0.808,,0.097,2019
Thailand,Asia,1.409,1.05,,0.557,0.359,52,6.008,0.828,,0.028,2019
Latvia,Europe,1.465,1.187,,0.264,0.075,53,5.94,0.812,,0.064,2019
South Korea,Asia,1.219,1.301,,0.159,0.175,54,5.895,1.036,,0.056,2019
Estonia,Europe,1.528,1.237,,0.495,0.103,55,5.893,0.874,,0.161,2019
Jamaica,North America,1.478,0.831,,0.49,0.107,56,5.89,0.831,,0.028,2019
Mauritius,Africa,1.402,1.12,,0.498,0.215,57,5.888,0.798,,0.06,2019
Japan,Asia,1.419,1.327,,0.445,0.069,58,5.886,1.088,,0.14,2019
Honduras,North America,1.236,0.642,,0.507,0.246,59,5.86,0.828,,0.078,2019
Kazakhstan,Europe,1.508,1.173,,0.41,0.146,60,5.809,0.729,,0.096,2019
Kazakhstan,Asia,1.508,1.173,,0.41,0.146,60,5.809,0.729,,0.096,2019
Bolivia,South America,1.209,0.776,,0.511,0.137,61,5.779,0.706,,0.064,2019
Hungary,Europe,1.41,1.201,,0.199,0.081,62,5.758,0.828,,0.02,2019
Paraguay,South America,1.475,0.855,,0.514,0.184,63,5.743,0.777,,0.08,2019
Northern Cyprus,Europe,1.252,1.263,,0.417,0.191,64,5.718,1.042,,0.162,2019
Peru,South America,1.274,0.96,,0.455,0.083,65,5.697,0.854,,0.027,2019
Portugal,Europe,1.431,1.221,,0.508,0.047,66,5.693,0.999,,0.025,2019
Pakistan,Asia,0.886,0.677,,0.313,0.22,67,5.653,0.535,,0.098,2019
Russia,Europe,1.452,1.183,,0.334,0.082,68,5.648,0.726,,0.031,2019
Philippines,Asia,1.293,0.807,,0.558,0.117,69,5.631,0.657,,0.107,2019
Serbia,Europe,1.383,1.004,,0.282,0.137,70,5.603,0.854,,0.039,2019
Moldova,Europe,1.328,0.685,,0.245,0.181,71,5.529,0.739,,0,2019
Libya,Africa,1.303,1.044,,0.416,0.133,72,5.525,0.673,,0.152,2019
Montenegro,Europe,1.361,1.051,,0.197,0.142,73,5.523,0.871,,0.08,2019
Tajikistan,Asia,1.098,0.493,,0.389,0.23,74,5.467,0.718,,0.144,2019
Croatia,Europe,1.266,1.155,,0.296,0.119,75,5.432,0.914,,0.022,2019
Hong Kong,Asia,1.277,1.438,,0.44,0.258,76,5.43,1.122,,0.287,2019
Dominican Republic,North America,1.401,1.015,,0.497,0.113,77,5.425,0.779,,0.101,2019
Bosnia and Herzegovina,Europe,1.212,0.945,,0.212,0.263,78,5.386,0.845,,0.006,2019
Turkey,Europe,1.36,1.183,,0.195,0.083,79,5.373,0.808,,0.106,2019
Turkey,Asia,1.36,1.183,,0.195,0.083,79,5.373,0.808,,0.106,2019
Malaysia,Asia,1.171,1.221,,0.508,0.26,80,5.339,0.828,,0.024,2019
Belarus,Europe,1.465,1.067,,0.235,0.094,81,5.323,0.789,,0.142,2019
Greece,Europe,1.156,1.181,,0.067,0,82,5.287,0.999,,0.034,2019
Mongolia,Asia,1.531,0.948,,0.317,0.235,83,5.285,0.667,,0.038,2019
North Macedonia,Europe,1.294,0.983,,0.345,0.185,84,5.274,0.838,,0.034,2019
Nigeria,Africa,1.111,0.696,,0.426,0.215,85,5.265,0.245,,0.041,2019
Kyrgyzstan,Asia,1.438,0.551,,0.508,0.3,86,5.261,0.723,,0.023,2019
Turkmenistan,Asia,1.538,1.052,,0.394,0.244,87,5.247,0.657,,0.028,2019
Algeria,Africa,1.16,1.002,,0.086,0.073,88,5.211,0.785,,0.114,2019
Morocco,Africa,0.782,0.801,,0.418,0.036,89,5.208,0.782,,0.076,2019
Azerbaijan,Europe,1.147,1.043,,0.351,0.035,90,5.208,0.769,,0.182,2019
Azerbaijan,Asia,1.147,1.043,,0.351,0.035,90,5.208,0.769,,0.182,2019
Lebanon,Asia,1.224,0.987,,0.216,0.166,91,5.197,0.815,,0.027,2019
Indonesia,Asia,1.203,0.931,,0.491,0.498,92,5.192,0.66,,0.028,2019
China,Asia,1.125,1.029,,0.521,0.058,93,5.191,0.893,,0.1,2019
Vietnam,Asia,1.346,0.741,,0.543,0.147,94,5.175,0.851,,0.073,2019
Bhutan,Asia,1.321,0.813,,0.457,0.37,95,5.082,0.604,,0.167,2019
Cameroon,Africa,0.91,0.549,,0.381,0.187,96,5.044,0.331,,0.037,2019
Bulgaria,Europe,1.513,1.092,,0.311,0.081,97,5.011,0.815,,0.004,2019
Ghana,Africa,0.868,0.611,,0.381,0.245,98,4.996,0.486,,0.04,2019
Ivory Coast,Africa,0.808,0.569,,0.352,0.154,99,4.944,0.232,,0.09,2019
Nepal,Asia,1.226,0.446,,0.439,0.285,100,4.913,0.677,,0.089,2019
Jordan,Asia,1.225,0.837,,0.383,0.11,101,4.906,0.815,,0.13,2019
Benin,Africa,0.437,0.393,,0.349,0.175,102,4.883,0.397,,0.082,2019
Congo (Brazzaville),Africa,0.799,0.673,,0.372,0.105,103,4.812,0.508,,0.093,2019
Gabon,Africa,1.183,1.057,,0.295,0.043,104,4.799,0.571,,0.055,2019
Laos,Asia,1.03,0.764,,0.547,0.266,105,4.796,0.551,,0.164,2019
South Africa,Africa,1.351,0.96,,0.389,0.13,106,4.722,0.469,,0.055,2019
Albania,Europe,0.848,0.947,,0.383,0.178,107,4.719,0.874,,0.027,2019
Venezuela,South America,1.427,0.96,,0.154,0.064,108,4.707,0.805,,0.047,2019
Cambodia,Asia,1.122,0.574,,0.609,0.232,109,4.7,0.637,,0.062,2019
Palestinian Territories,Asia,1.247,0.657,,0.225,0.103,110,4.696,0.672,,0.066,2019
Senegal,Africa,1.134,0.45,,0.292,0.153,111,4.681,0.571,,0.072,2019
Somalia,Africa,0.698,0,,0.559,0.243,112,4.668,0.268,,0.27,2019
Namibia,Africa,1.313,0.879,,0.401,0.07,113,4.639,0.477,,0.056,2019
Niger,Africa,0.774,0.138,,0.318,0.188,114,4.628,0.366,,0.102,2019
Burkina Faso,Africa,1.056,0.331,,0.255,0.177,115,4.587,0.38,,0.113,2019
Armenia,Europe,1.055,0.85,,0.283,0.095,116,4.559,0.815,,0.064,2019
Armenia,Asia,1.055,0.85,,0.283,0.095,116,4.559,0.815,,0.064,2019
Iran,Asia,0.842,1.1,,0.305,0.27,117,4.548,0.785,,0.125,2019
Guinea,Africa,0.829,0.38,,0.332,0.207,118,4.534,0.375,,0.086,2019
Georgia,Europe,0.666,0.886,,0.346,0.043,119,4.519,0.752,,0.164,2019
Georgia,Asia,0.666,0.886,,0.346,0.043,119,4.519,0.752,,0.164,2019
Gambia,Africa,0.939,0.308,,0.382,0.269,120,4.516,0.428,,0.167,2019
Kenya,Africa,0.983,0.512,,0.431,0.372,121,4.509,0.581,,0.053,2019
Mauritania,Africa,1.167,0.57,,0.066,0.106,122,4.49,0.489,,0.088,2019
Mozambique,Africa,0.986,0.204,,0.494,0.197,123,4.466,0.39,,0.138,2019
Tunisia,Africa,1,0.921,,0.167,0.059,124,4.461,0.815,,0.055,2019
Bangladesh,Asia,0.928,0.562,,0.527,0.166,125,4.456,0.723,,0.143,2019
Iraq,Asia,0.98,1.043,,0.241,0.148,126,4.437,0.574,,0.089,2019
Congo (Kinshasa),Africa,1.125,0.094,,0.269,0.212,127,4.418,0.357,,0.053,2019
Mali,Africa,1.105,0.385,,0.327,0.153,128,4.39,0.308,,0.052,2019
Sierra Leone,Africa,0.841,0.268,,0.309,0.252,129,4.374,0.242,,0.045,2019
Sri Lanka,Asia,1.265,0.949,,0.47,0.244,130,4.366,0.831,,0.047,2019
Myanmar,Asia,1.181,0.71,,0.525,0.566,131,4.36,0.555,,0.172,2019
Chad,Africa,0.766,0.35,,0.174,0.198,132,4.35,0.192,,0.078,2019
Ukraine,Europe,1.39,0.82,,0.178,0.187,133,4.332,0.739,,0.01,2019
Ethiopia,Africa,1.033,0.336,,0.344,0.209,134,4.286,0.532,,0.1,2019
Swaziland,Africa,1.149,0.811,,0.313,0.074,135,4.212,0,,0.135,2019
Uganda,Africa,1.069,0.332,,0.356,0.252,136,4.189,0.443,,0.06,2019
Egypt,Africa,1.039,0.913,,0.241,0.076,137,4.166,0.644,,0.067,2019
Zambia,Africa,1.058,0.578,,0.431,0.247,138,4.107,0.426,,0.087,2019
Togo,Africa,0.572,0.275,,0.293,0.177,139,4.085,0.41,,0.085,2019
India,Asia,0.765,0.755,,0.498,0.2,140,4.015,0.588,,0.085,2019
Liberia,Africa,0.922,0.073,,0.37,0.233,141,3.975,0.443,,0.033,2019
Comoros,Africa,0.757,0.274,,0.142,0.275,142,3.973,0.505,,0.078,2019
Madagascar,Africa,0.916,0.274,,0.148,0.169,143,3.933,0.555,,0.041,2019
Lesotho,Africa,1.169,0.489,,0.359,0.107,144,3.802,0.168,,0.093,2019
Burundi,Africa,0.447,0.046,,0.22,0.176,145,3.775,0.38,,0.18,2019
Zimbabwe,Africa,1.114,0.366,,0.361,0.151,146,3.663,0.433,,0.089,2019
Haiti,North America,0.688,0.323,,0.026,0.419,147,3.597,0.449,,0.11,2019
Botswana,Africa,1.145,1.041,,0.455,0.025,148,3.488,0.538,,0.1,2019
Syria,Asia,0.378,0.619,,0.013,0.331,149,3.462,0.44,,0.141,2019
Malawi,Africa,0.56,0.191,,0.443,0.218,150,3.41,0.495,,0.089,2019
Yemen,Asia,1.163,0.287,,0.143,0.108,151,3.38,0.463,,0.077,2019
Rwanda,Africa,0.711,0.359,,0.555,0.217,152,3.334,0.614,,0.411,2019
Tanzania,Africa,0.885,0.476,,0.417,0.276,153,3.231,0.499,,0.147,2019
Afghanistan,Asia,0.517,0.35,,0,0.158,154,3.203,0.361,,0.025,2019
Central African Republic,Africa,0,0.026,,0.225,0.235,155,3.083,0.105,,0.035,2019
South Sudan,Africa,0.575,0.306,,0.01,0.202,156,2.853,0.295,,0.091,2019
